date,year,esc_daily,jul_day
2001-07-04,2001,0,185
2001-07-05,2001,0,186
2001-07-06,2001,61,187
2001-07-07,2001,907,188
2001-07-08,2001,431,189
2001-07-09,2001,48,190
2001-07-10,2001,67,191
2001-07-11,2001,92,192
2001-07-12,2001,27,193
2001-07-13,2001,5,194
2001-07-14,2001,54,195
2001-07-15,2001,4,196
2001-07-16,2001,111,197
2001-07-17,2001,7,198
2001-07-18,2001,7,199
2001-07-19,2001,11,200
2001-07-20,2001,3,201
2001-07-21,2001,0,202
2001-07-22,2001,0,203
2001-07-23,2001,0,204
2001-07-24,2001,2,205
2001-07-25,2001,868,206
2001-07-26,2001,2146,207
2001-07-27,2001,158,208
2001-07-28,2001,31,209
2001-07-29,2001,36,210
2001-07-30,2001,32,211
2001-07-31,2001,2,212
2001-08-01,2001,5,213
2001-08-02,2001,19,214
2001-08-03,2001,18,215
2001-08-04,2001,1,216
2001-08-05,2001,3,217
2001-08-06,2001,17,218
2001-08-07,2001,21,219
2001-08-08,2001,60,220
2001-08-09,2001,49,221
2001-08-10,2001,23,222
2001-08-11,2001,9,223
2001-08-12,2001,33,224
2001-08-13,2001,72,225
2001-08-14,2001,76,226
2001-08-15,2001,1056,227
2001-08-16,2001,680,228
2001-08-17,2001,332,229
2001-08-18,2001,337,230
2001-08-19,2001,194,231
2001-08-20,2001,227,232
2001-08-21,2001,109,233
2001-08-22,2001,42,234
2001-08-23,2001,93,235
2001-08-24,2001,21,236
2001-08-25,2001,32,237
2001-08-26,2001,136,238
2001-08-27,2001,2481,239
2001-08-28,2001,551,240
2001-08-29,2001,67,241
2001-08-30,2001,31,242
2001-08-31,2001,7,243
2001-09-01,2001,10,244
2001-09-02,2001,121,245
2001-09-03,2001,9,246
2001-09-04,2001,3,247
2001-09-05,2001,45,248
2001-09-06,2001,14,249
2001-09-07,2001,1,250
2001-09-08,2001,1,251
2001-09-09,2001,1,252
2002-07-01,2002,0,182
2002-07-02,2002,0,183
2002-07-03,2002,0,184
2002-07-04,2002,3,185
2002-07-05,2002,0,186
2002-07-06,2002,0,187
2002-07-07,2002,0,188
2002-07-08,2002,0,189
2002-07-09,2002,0,190
2002-07-10,2002,4,191
2002-07-11,2002,1,192
2002-07-12,2002,0,193
2002-07-13,2002,0,194
2002-07-14,2002,5,195
2002-07-15,2002,1,196
2002-07-16,2002,0,197
2002-07-17,2002,0,198
2002-07-18,2002,0,199
2002-07-19,2002,0,200
2002-07-20,2002,0,201
2002-07-21,2002,1,202
2002-07-22,2002,2,203
2002-07-23,2002,7,204
2002-07-24,2002,4,205
2002-07-25,2002,598,206
2002-07-26,2002,751,207
2002-07-27,2002,44,208
2002-07-28,2002,95,209
2002-07-29,2002,29,210
2002-07-30,2002,0,211
2002-07-31,2002,61,212
2002-08-01,2002,5,213
2002-08-02,2002,1,214
2002-08-03,2002,18,215
2002-08-04,2002,0,216
2002-08-05,2002,1,217
2002-08-06,2002,25,218
2002-08-07,2002,2192,219
2002-08-08,2002,4577,220
2002-08-09,2002,1699,221
2002-08-10,2002,1941,222
2002-08-11,2002,215,223
2002-08-12,2002,389,224
2002-08-13,2002,333,225
2002-08-14,2002,235,226
2002-08-15,2002,142,227
2002-08-16,2002,482,228
2002-08-17,2002,92,229
2002-08-18,2002,69,230
2002-08-19,2002,39,231
2002-08-20,2002,40,232
2002-08-21,2002,2413,233
2002-08-22,2002,236,234
2002-08-23,2002,122,235
2002-08-24,2002,66,236
2002-08-25,2002,22,237
2002-08-26,2002,20,238
2002-08-27,2002,31,239
2002-08-28,2002,303,240
2002-08-29,2002,87,241
2002-08-30,2002,28,242
2002-08-31,2002,24,243
2002-09-01,2002,13,244
2002-09-02,2002,10,245
2002-09-03,2002,2,246
2002-09-04,2002,8,247
2002-09-05,2002,2,248
2002-09-06,2002,0,249
2002-09-07,2002,133,250
2002-09-08,2002,27,251
2002-09-09,2002,5,252
2002-09-10,2002,8,253
2002-09-11,2002,4,254
2003-06-27,2003,0,178
2003-06-28,2003,9,179
2003-06-29,2003,1,180
2003-06-30,2003,3,181
2003-07-01,2003,0,182
2003-07-02,2003,0,183
2003-07-03,2003,0,184
2003-07-04,2003,3,185
2003-07-05,2003,0,186
2003-07-06,2003,21,187
2003-07-07,2003,1,188
2003-07-08,2003,16,189
2003-07-09,2003,0,190
2003-07-10,2003,0,191
2003-07-11,2003,0,192
2003-07-12,2003,2,193
2003-07-13,2003,0,194
2003-07-14,2003,0,195
2003-07-15,2003,0,196
2003-07-16,2003,0,197
2003-07-17,2003,0,198
2003-07-18,2003,0,199
2003-07-19,2003,0,200
2003-07-20,2003,0,201
2003-07-21,2003,0,202
2003-07-22,2003,126,203
2003-07-23,2003,42,204
2003-07-24,2003,34,205
2003-07-25,2003,20,206
2003-07-26,2003,74,207
2003-07-27,2003,28,208
2003-07-28,2003,3,209
2003-07-29,2003,4683,210
2003-07-30,2003,2734,211
2003-07-31,2003,1218,212
2003-08-01,2003,674,213
2003-08-02,2003,1211,214
2003-08-03,2003,658,215
2003-08-04,2003,653,216
2003-08-05,2003,471,217
2003-08-06,2003,565,218
2003-08-07,2003,401,219
2003-08-08,2003,213,220
2003-08-09,2003,191,221
2003-08-10,2003,183,222
2003-08-11,2003,54,223
2003-08-12,2003,6,224
2003-08-13,2003,201,225
2003-08-14,2003,917,226
2003-08-15,2003,4331,227
2003-08-16,2003,792,228
2003-08-17,2003,169,229
2003-08-18,2003,159,230
2003-08-19,2003,98,231
2003-08-20,2003,166,232
2003-08-21,2003,92,233
2003-08-22,2003,48,234
2003-08-23,2003,41,235
2003-08-24,2003,85,236
2003-08-25,2003,72,237
2003-08-26,2003,24,238
2003-08-27,2003,27,239
2003-08-28,2003,16,240
2003-08-29,2003,25,241
2003-08-30,2003,253,242
2003-08-31,2003,107,243
2003-09-01,2003,29,244
2003-09-02,2003,675,245
2003-09-03,2003,51,246
2003-09-04,2003,40,247
2003-09-05,2003,14,248
2003-09-06,2003,9,249
2003-09-07,2003,1,250
2003-09-08,2003,8,251
2003-09-09,2003,11,252
2003-09-10,2003,6,253
2003-09-11,2003,17,254
2003-09-12,2003,17,255
2003-09-13,2003,0,256
2004-07-01,2004,0,183
2004-07-02,2004,0,184
2004-07-03,2004,0,185
2004-07-04,2004,0,186
2004-07-05,2004,0,187
2004-07-06,2004,0,188
2004-07-07,2004,0,189
2004-07-08,2004,0,190
2004-07-09,2004,0,191
2004-07-10,2004,0,192
2004-07-11,2004,0,193
2004-07-12,2004,0,194
2004-07-13,2004,0,195
2004-07-14,2004,0,196
2004-07-15,2004,0,197
2004-07-16,2004,0,198
2004-07-17,2004,0,199
2004-07-18,2004,0,200
2004-07-19,2004,0,201
2004-07-20,2004,0,202
2004-07-21,2004,0,203
2004-07-22,2004,0,204
2004-07-23,2004,0,205
2004-07-24,2004,0,206
2004-07-25,2004,0,207
2004-07-26,2004,0,208
2004-07-27,2004,16,209
2004-07-28,2004,7015,210
2004-07-29,2004,779,211
2004-07-30,2004,326,212
2004-07-31,2004,246,213
2004-08-01,2004,19,214
2004-08-02,2004,10,215
2004-08-03,2004,21,216
2004-08-04,2004,18,217
2004-08-05,2004,17,218
2004-08-06,2004,104,219
2004-08-07,2004,40,220
2004-08-08,2004,26,221
2004-08-09,2004,82,222
2004-08-10,2004,68,223
2004-08-11,2004,147,224
2004-08-12,2004,101,225
2004-08-13,2004,117,226
2004-08-14,2004,114,227
2004-08-15,2004,150,228
2004-08-16,2004,193,229
2004-08-17,2004,118,230
2004-08-18,2004,229,231
2004-08-19,2004,304,232
2004-08-20,2004,472,233
2004-08-21,2004,927,234
2004-08-22,2004,796,235
2004-08-23,2004,327,236
2004-08-24,2004,419,237
2004-08-25,2004,368,238
2004-08-26,2004,347,239
2004-08-27,2004,1716,240
2004-08-28,2004,915,241
2004-08-29,2004,158,242
2004-08-30,2004,42,243
2004-08-31,2004,20,244
2004-09-01,2004,47,245
2004-09-02,2004,52,246
2004-09-03,2004,22,247
2004-09-04,2004,245,248
2004-09-05,2004,31,249
2004-09-06,2004,14,250
2005-07-07,2005,36,188
2005-07-08,2005,48,189
2005-07-09,2005,1,190
2005-07-10,2005,9,191
2005-07-11,2005,0,192
2005-07-12,2005,0,193
2005-07-13,2005,0,194
2005-07-14,2005,0,195
2005-07-15,2005,0,196
2005-07-16,2005,0,197
2005-07-17,2005,0,198
2005-07-18,2005,963,199
2005-07-19,2005,612,200
2005-07-20,2005,118,201
2005-07-21,2005,21,202
2005-07-22,2005,12,203
2005-07-23,2005,23,204
2005-07-24,2005,4,205
2005-07-25,2005,5,206
2005-07-26,2005,113,207
2005-07-27,2005,2026,208
2005-07-28,2005,694,209
2005-07-29,2005,424,210
2005-07-30,2005,1113,211
2005-07-31,2005,553,212
2005-08-01,2005,324,213
2005-08-02,2005,387,214
2005-08-03,2005,261,215
2005-08-04,2005,428,216
2005-08-05,2005,1016,217
2005-08-06,2005,469,218
2005-08-07,2005,282,219
2005-08-08,2005,298,220
2005-08-09,2005,203,221
2005-08-10,2005,219,222
2005-08-11,2005,143,223
2005-08-12,2005,194,224
2005-08-13,2005,176,225
2005-08-14,2005,199,226
2005-08-15,2005,54,227
2005-08-16,2005,20,228
2005-08-17,2005,32,229
2005-08-18,2005,125,230
2005-08-19,2005,572,231
2005-08-20,2005,528,232
2005-08-21,2005,73,233
2005-08-22,2005,108,234
2005-08-23,2005,101,235
2005-08-24,2005,94,236
2005-08-25,2005,286,237
2005-08-26,2005,65,238
2005-08-27,2005,50,239
2005-08-28,2005,49,240
2005-08-29,2005,28,241
2005-08-30,2005,291,242
2005-08-31,2005,95,243
2005-09-01,2005,2,244
2005-09-02,2005,8,245
2005-09-03,2005,2,246
2005-09-04,2005,3,247
2005-09-05,2005,4,248
2005-09-06,2005,3,249
2005-09-07,2005,8,250
2006-07-01,2006,0,182
2006-07-02,2006,14,183
2006-07-03,2006,4,184
2006-07-04,2006,1,185
2006-07-05,2006,0,186
2006-07-06,2006,0,187
2006-07-07,2006,0,188
2006-07-08,2006,0,189
2006-07-09,2006,1,190
2006-07-10,2006,0,191
2006-07-11,2006,0,192
2006-07-12,2006,0,193
2006-07-13,2006,0,194
2006-07-14,2006,0,195
2006-07-15,2006,0,196
2006-07-16,2006,0,197
2006-07-17,2006,0,198
2006-07-18,2006,0,199
2006-07-19,2006,0,200
2006-07-20,2006,2,201
2006-07-21,2006,4,202
2006-07-22,2006,2,203
2006-07-23,2006,0,204
2006-07-24,2006,0,205
2006-07-25,2006,0,206
2006-07-26,2006,44,207
2006-07-27,2006,122,208
2006-07-28,2006,150,209
2006-07-29,2006,56,210
2006-07-30,2006,3,211
2006-07-31,2006,26,212
2006-08-01,2006,458,213
2006-08-02,2006,753,214
2006-08-03,2006,524,215
2006-08-04,2006,240,216
2006-08-05,2006,1649,217
2006-08-06,2006,4137,218
2006-08-07,2006,1819,219
2006-08-08,2006,565,220
2006-08-09,2006,88,221
2006-08-10,2006,94,222
2006-08-11,2006,103,223
2006-08-12,2006,248,224
2006-08-13,2006,873,225
2006-08-14,2006,431,226
2006-08-15,2006,252,227
2006-08-16,2006,313,228
2006-08-17,2006,394,229
2006-08-18,2006,0,230
2006-08-19,2006,574,231
2006-08-20,2006,234,232
2006-08-21,2006,133,233
2006-08-22,2006,224,234
2006-08-23,2006,283,235
2006-08-24,2006,938,236
2006-08-25,2006,819,237
2006-08-26,2006,157,238
2006-08-27,2006,21,239
2006-08-28,2006,0,240
2006-08-29,2006,48,241
2006-08-30,2006,20,242
2006-08-31,2006,266,243
2006-09-01,2006,0,244
2006-09-02,2006,68,245
2006-09-03,2006,0,246
2006-09-04,2006,79,247
2006-09-05,2006,30,248
2006-09-06,2006,80,249
2006-09-07,2006,175,250
2006-09-08,2006,56,251
2006-09-09,2006,55,252
2006-09-10,2006,29,253
2006-09-11,2006,36,254
2006-09-12,2006,0,255
2007-07-05,2007,0,186
2007-07-06,2007,0,187
2007-07-07,2007,0,188
2007-07-08,2007,0,189
2007-07-09,2007,0,190
2007-07-10,2007,3,191
2007-07-11,2007,0,192
2007-07-12,2007,279,193
2007-07-13,2007,20,194
2007-07-14,2007,0,195
2007-07-15,2007,2,196
2007-07-16,2007,5,197
2007-07-17,2007,1,198
2007-07-18,2007,0,199
2007-07-19,2007,0,200
2007-07-20,2007,60,201
2007-07-21,2007,2,202
2007-07-22,2007,12,203
2007-07-23,2007,24,204
2007-07-24,2007,11,205
2007-07-25,2007,0,206
2007-07-26,2007,1,207
2007-07-27,2007,0,208
2007-07-28,2007,0,209
2007-07-29,2007,42,210
2007-07-30,2007,0,211
2007-07-31,2007,0,212
2007-08-01,2007,0,213
2007-08-02,2007,0,214
2007-08-03,2007,0,215
2007-08-04,2007,0,216
2007-08-05,2007,0,217
2007-08-06,2007,0,218
2007-08-07,2007,44,219
2007-08-08,2007,160,220
2007-08-09,2007,413,221
2007-08-10,2007,256,222
2007-08-11,2007,90,223
2007-08-12,2007,96,224
2007-08-13,2007,22,225
2007-08-14,2007,25,226
2007-08-15,2007,3,227
2007-08-16,2007,10,228
2007-08-17,2007,115,229
2007-08-18,2007,14,230
2007-08-19,2007,23,231
2007-08-20,2007,4,232
2007-08-21,2007,1,233
2007-08-22,2007,33,234
2007-08-23,2007,1,235
2007-08-24,2007,277,236
2007-08-25,2007,326,237
2007-08-26,2007,771,238
2007-08-27,2007,603,239
2007-08-28,2007,690,240
2007-08-29,2007,301,241
2007-08-30,2007,271,242
2007-08-31,2007,316,243
2007-09-01,2007,427,244
2007-09-02,2007,471,245
2007-09-03,2007,64,246
2007-09-04,2007,53,247
2007-09-05,2007,937,248
2007-09-06,2007,620,249
2007-09-07,2007,69,250
2007-09-08,2007,119,251
2007-09-09,2007,150,252
2007-09-10,2007,68,253
2007-09-11,2007,19,254
2007-09-12,2007,89,255
2007-09-13,2007,87,256
2007-09-14,2007,0,257
2007-09-15,2007,47,258
2007-09-16,2007,84,259
2007-09-17,2007,104,260
2007-09-18,2007,28,261
2007-09-19,2007,66,262
2007-09-20,2007,22,263
2007-09-21,2007,289,264
2007-09-22,2007,20,265
2007-09-23,2007,6,266
2007-09-24,2007,26,267
2007-09-25,2007,2,268
2008-07-05,2008,0,187
2008-07-06,2008,0,188
2008-07-07,2008,0,189
2008-07-08,2008,0,190
2008-07-09,2008,0,191
2008-07-10,2008,0,192
2008-07-11,2008,0,193
2008-07-12,2008,0,194
2008-07-13,2008,0,195
2008-07-14,2008,4,196
2008-07-15,2008,0,197
2008-07-16,2008,9,198
2008-07-17,2008,3,199
2008-07-18,2008,46,200
2008-07-19,2008,181,201
2008-07-20,2008,25,202
2008-07-21,2008,177,203
2008-07-22,2008,7,204
2008-07-23,2008,20,205
2008-07-24,2008,0,206
2008-07-25,2008,6,207
2008-07-26,2008,2,208
2008-07-27,2008,57,209
2008-07-28,2008,3,210
2008-07-29,2008,129,211
2008-07-30,2008,34,212
2008-07-31,2008,118,213
2008-08-01,2008,32,214
2008-08-02,2008,1,215
2008-08-03,2008,1,216
2008-08-04,2008,0,217
2008-08-05,2008,0,218
2008-08-06,2008,0,219
2008-08-07,2008,30,220
2008-08-08,2008,6,221
2008-08-09,2008,7,222
2008-08-10,2008,15,223
2008-08-11,2008,4,224
2008-08-12,2008,164,225
2008-08-13,2008,522,226
2008-08-14,2008,744,227
2008-08-15,2008,310,228
2008-08-16,2008,63,229
2008-08-17,2008,31,230
2008-08-18,2008,30,231
2008-08-19,2008,25,232
2008-08-20,2008,115,233
2008-08-21,2008,28,234
2008-08-22,2008,6,235
2008-08-23,2008,339,236
2008-08-24,2008,104,237
2008-08-25,2008,70,238
2008-08-26,2008,22,239
2008-08-27,2008,70,240
2008-08-28,2008,15,241
2008-08-29,2008,63,242
2008-08-30,2008,33,243
2008-08-31,2008,16,244
2008-09-01,2008,15,245
2008-09-02,2008,9,246
2008-09-03,2008,17,247
2008-09-04,2008,6,248
2008-09-05,2008,20,249
2008-09-06,2008,10,250
2008-09-07,2008,448,251
2008-09-08,2008,37,252
2008-09-09,2008,10,253
2008-09-10,2008,11,254
2008-09-11,2008,3,255
2009-06-30,2009,0,181
2009-07-01,2009,0,182
2009-07-02,2009,0,183
2009-07-03,2009,0,184
2009-07-04,2009,0,185
2009-07-05,2009,0,186
2009-07-06,2009,0,187
2009-07-07,2009,0,188
2009-07-08,2009,0,189
2009-07-09,2009,0,190
2009-07-10,2009,0,191
2009-07-11,2009,0,192
2009-07-12,2009,0,193
2009-07-13,2009,0,194
2009-07-14,2009,0,195
2009-07-15,2009,0,196
2009-07-16,2009,0,197
2009-07-17,2009,0,198
2009-07-18,2009,0,199
2009-07-19,2009,0,200
2009-07-20,2009,78,201
2009-07-21,2009,28,202
2009-07-22,2009,2,203
2009-07-23,2009,239,204
2009-07-24,2009,117,205
2009-07-25,2009,21,206
2009-07-26,2009,39,207
2009-07-27,2009,272,208
2009-07-28,2009,104,209
2009-07-29,2009,53,210
2009-07-30,2009,4,211
2009-07-31,2009,13,212
2009-08-01,2009,0,213
2009-08-02,2009,3,214
2009-08-03,2009,0,215
2009-08-04,2009,0,216
2009-08-05,2009,0,217
2009-08-06,2009,0,218
2009-08-07,2009,0,219
2009-08-08,2009,0,220
2009-08-09,2009,4,221
2009-08-10,2009,22,222
2009-08-11,2009,50,223
2009-08-12,2009,51,224
2009-08-13,2009,153,225
2009-08-14,2009,190,226
2009-08-15,2009,261,227
2009-08-16,2009,3126,228
2009-08-17,2009,1174,229
2009-08-18,2009,1368,230
2009-08-19,2009,2202,231
2009-08-20,2009,342,232
2009-08-21,2009,375,233
2009-08-22,2009,363,234
2009-08-23,2009,134,235
2009-08-24,2009,163,236
2009-08-25,2009,348,237
2009-08-26,2009,874,238
2009-08-27,2009,77,239
2009-08-28,2009,814,240
2009-08-29,2009,829,241
2009-08-30,2009,280,242
2009-08-31,2009,45,243
2009-09-01,2009,9,244
2009-09-02,2009,21,245
2009-09-03,2009,128,246
2009-09-04,2009,35,247
2009-09-05,2009,5,248
2009-09-06,2009,1,249
2009-09-07,2009,1,250
2009-09-08,2009,0,251
2009-09-09,2009,63,252
2009-09-10,2009,202,253
2009-09-11,2009,125,254
2009-09-12,2009,7,255
2009-09-13,2009,10,256
2009-09-14,2009,16,257
2010-06-29,2010,0,180
2010-06-30,2010,0,181
2010-07-01,2010,16,182
2010-07-02,2010,18,183
2010-07-03,2010,71,184
2010-07-04,2010,82,185
2010-07-05,2010,47,186
2010-07-06,2010,81,187
2010-07-07,2010,56,188
2010-07-08,2010,1,189
2010-07-09,2010,43,190
2010-07-10,2010,28,191
2010-07-11,2010,179,192
2010-07-12,2010,264,193
2010-07-13,2010,51,194
2010-07-14,2010,114,195
2010-07-15,2010,181,196
2010-07-16,2010,30,197
2010-07-17,2010,121,198
2010-07-18,2010,59,199
2010-07-19,2010,2,200
2010-07-20,2010,0,201
2010-07-21,2010,0,202
2010-07-22,2010,5,203
2010-07-23,2010,2,204
2010-07-24,2010,2,205
2010-07-25,2010,6,206
2010-07-26,2010,0,207
2010-07-27,2010,1,208
2010-07-28,2010,16,209
2010-07-29,2010,7,210
2010-07-30,2010,0,211
2010-07-31,2010,0,212
2010-08-01,2010,11,213
2010-08-02,2010,150,214
2010-08-03,2010,12,215
2010-08-04,2010,120,216
2010-08-05,2010,49,217
2010-08-06,2010,356,218
2010-08-07,2010,366,219
2010-08-08,2010,730,220
2010-08-09,2010,1462,221
2010-08-10,2010,218,222
2010-08-11,2010,1147,223
2010-08-12,2010,1306,224
2010-08-13,2010,250,225
2010-08-14,2010,222,226
2010-08-15,2010,143,227
2010-08-16,2010,174,228
2010-08-17,2010,111,229
2010-08-18,2010,1496,230
2010-08-19,2010,1455,231
2010-08-20,2010,273,232
2010-08-21,2010,27,233
2010-08-22,2010,4,234
2010-08-23,2010,29,235
2010-08-24,2010,34,236
2010-08-25,2010,29,237
2010-08-26,2010,25,238
2010-08-27,2010,322,239
2010-08-28,2010,123,240
2010-08-29,2010,83,241
2010-08-30,2010,27,242
2010-08-31,2010,45,243
2010-09-01,2010,15,244
2010-09-02,2010,167,245
2010-09-03,2010,12,246
2010-09-04,2010,31,247
2010-09-05,2010,432,248
2010-09-06,2010,0,249
2010-09-07,2010,30,250
2010-09-08,2010,7,251
2010-09-09,2010,49,252
2010-09-10,2010,50,253
2010-09-11,2010,6,254
2010-09-12,2010,11,255
2010-09-13,2010,2,256
2011-06-29,2011,0,180
2011-06-30,2011,0,181
2011-07-01,2011,0,182
2011-07-02,2011,0,183
2011-07-03,2011,0,184
2011-07-04,2011,0,185
2011-07-05,2011,1,186
2011-07-06,2011,4,187
2011-07-07,2011,4,188
2011-07-08,2011,4,189
2011-07-09,2011,2,190
2011-07-10,2011,4,191
2011-07-11,2011,2,192
2011-07-12,2011,0,193
2011-07-13,2011,0,194
2011-07-14,2011,9,195
2011-07-15,2011,0,196
2011-07-16,2011,0,197
2011-07-17,2011,0,198
2011-07-18,2011,0,199
2011-07-19,2011,0,200
2011-07-20,2011,0,201
2011-07-21,2011,0,202
2011-07-22,2011,0,203
2011-07-23,2011,0,204
2011-07-24,2011,0,205
2011-07-25,2011,0,206
2011-07-26,2011,356,207
2011-07-27,2011,298,208
2011-07-28,2011,900,209
2011-07-29,2011,851,210
2011-07-30,2011,302,211
2011-07-31,2011,213,212
2011-08-01,2011,46,213
2011-08-02,2011,272,214
2011-08-03,2011,249,215
2011-08-04,2011,372,216
2011-08-05,2011,442,217
2011-08-06,2011,100,218
2011-08-07,2011,129,219
2011-08-08,2011,117,220
2011-08-09,2011,89,221
2011-08-10,2011,126,222
2011-08-11,2011,67,223
2011-08-12,2011,1022,224
2011-08-13,2011,493,225
2011-08-14,2011,507,226
2011-08-15,2011,1379,227
2011-08-16,2011,1040,228
2011-08-17,2011,415,229
2011-08-18,2011,164,230
2011-08-19,2011,71,231
2011-08-20,2011,32,232
2011-08-21,2011,194,233
2011-08-22,2011,210,234
2011-08-23,2011,126,235
2011-08-24,2011,140,236
2011-08-25,2011,102,237
2011-08-26,2011,99,238
2011-08-27,2011,66,239
2011-08-28,2011,58,240
2011-08-29,2011,62,241
2011-08-30,2011,46,242
2011-08-31,2011,61,243
2011-09-01,2011,348,244
2011-09-02,2011,16,245
2011-09-03,2011,54,246
2011-09-04,2011,33,247
2011-09-05,2011,11,248
2011-09-06,2011,44,249
2011-09-07,2011,9,250
2011-09-08,2011,2,251
2011-09-09,2011,9,252
2011-09-10,2011,0,253
2011-09-11,2011,0,254
2011-09-12,2011,0,255
2011-09-13,2011,0,256
2012-06-29,2012,8,181
2012-06-30,2012,18,182
2012-07-01,2012,17,183
2012-07-02,2012,29,184
2012-07-03,2012,5,185
2012-07-04,2012,3,186
2012-07-05,2012,0,187
2012-07-06,2012,0,188
2012-07-07,2012,0,189
2012-07-08,2012,0,190
2012-07-09,2012,0,191
2012-07-10,2012,7,192
2012-07-11,2012,1,193
2012-07-12,2012,1,194
2012-07-13,2012,2,195
2012-07-14,2012,1,196
2012-07-15,2012,0,197
2012-07-16,2012,2,198
2012-07-17,2012,0,199
2012-07-18,2012,0,200
2012-07-19,2012,0,201
2012-07-20,2012,0,202
2012-07-21,2012,0,203
2012-07-22,2012,0,204
2012-07-23,2012,0,205
2012-07-24,2012,0,206
2012-07-25,2012,0,207
2012-07-26,2012,0,208
2012-07-27,2012,0,209
2012-07-28,2012,0,210
2012-07-29,2012,0,211
2012-07-30,2012,0,212
2012-07-31,2012,18,213
2012-08-01,2012,937,214
2012-08-02,2012,520,215
2012-08-03,2012,857,216
2012-08-04,2012,1175,217
2012-08-05,2012,59,218
2012-08-06,2012,713,219
2012-08-07,2012,304,220
2012-08-08,2012,242,221
2012-08-09,2012,105,222
2012-08-10,2012,35,223
2012-08-11,2012,115,224
2012-08-12,2012,64,225
2012-08-13,2012,92,226
2012-08-14,2012,18,227
2012-08-15,2012,29,228
2012-08-16,2012,136,229
2012-08-17,2012,15,230
2012-08-18,2012,57,231
2012-08-19,2012,60,232
2012-08-20,2012,276,233
2012-08-21,2012,65,234
2012-08-22,2012,78,235
2012-08-23,2012,127,236
2012-08-24,2012,127,237
2012-08-25,2012,103,238
2012-08-26,2012,132,239
2012-08-27,2012,19,240
2012-08-28,2012,1340,241
2012-08-29,2012,16,242
2012-08-30,2012,16,243
2012-08-31,2012,3,244
2012-09-01,2012,112,245
2012-09-02,2012,70,246
2012-09-03,2012,44,247
2012-09-04,2012,133,248
2012-09-05,2012,1,249
2012-09-06,2012,3,250
2012-09-07,2012,0,251
2012-09-08,2012,121,252
2012-09-09,2012,18,253
2012-09-10,2012,0,254
2012-09-11,2012,0,255
2012-09-12,2012,0,256
2012-09-13,2012,0,257
2013-06-29,2013,0,180
2013-06-30,2013,0,181
2013-07-01,2013,0,182
2013-07-02,2013,0,183
2013-07-03,2013,0,184
2013-07-04,2013,40,185
2013-07-05,2013,8,186
2013-07-06,2013,8,187
2013-07-07,2013,8,188
2013-07-08,2013,126,189
2013-07-09,2013,148,190
2013-07-10,2013,133,191
2013-07-11,2013,20,192
2013-07-12,2013,31,193
2013-07-13,2013,0,194
2013-07-14,2013,0,195
2013-07-15,2013,0,196
2013-07-16,2013,0,197
2013-07-17,2013,0,198
2013-07-18,2013,0,199
2013-07-19,2013,0,200
2013-07-20,2013,0,201
2013-07-21,2013,0,202
2013-07-22,2013,0,203
2013-07-23,2013,4,204
2013-07-24,2013,73,205
2013-07-25,2013,24,206
2013-07-26,2013,5,207
2013-07-27,2013,190,208
2013-07-28,2013,126,209
2013-07-29,2013,156,210
2013-07-30,2013,70,211
2013-07-31,2013,89,212
2013-08-01,2013,47,213
2013-08-02,2013,2,214
2013-08-03,2013,55,215
2013-08-04,2013,158,216
2013-08-05,2013,199,217
2013-08-06,2013,194,218
2013-08-07,2013,249,219
2013-08-08,2013,462,220
2013-08-09,2013,232,221
2013-08-10,2013,260,222
2013-08-11,2013,200,223
2013-08-12,2013,407,224
2013-08-13,2013,137,225
2013-08-14,2013,75,226
2013-08-15,2013,180,227
2013-08-16,2013,186,228
2013-08-17,2013,218,229
2013-08-18,2013,251,230
2013-08-19,2013,192,231
2013-08-20,2013,213,232
2013-08-21,2013,50,233
2013-08-22,2013,89,234
2013-08-23,2013,572,235
2013-08-24,2013,425,236
2013-08-25,2013,360,237
2013-08-26,2013,24,238
2013-08-27,2013,34,239
2013-08-28,2013,9,240
2013-08-29,2013,9,241
2013-08-30,2013,21,242
2013-08-31,2013,15,243
2013-09-01,2013,53,244
2013-09-02,2013,2,245
2013-09-03,2013,12,246
2013-09-04,2013,45,247
2013-09-05,2013,0,248
2013-09-06,2013,0,249
2013-09-07,2013,0,250
2013-09-08,2013,0,251
2013-09-09,2013,0,252
2013-09-10,2013,0,253
2013-09-11,2013,0,254
2013-09-12,2013,0,255
2013-09-13,2013,0,256
2014-06-28,2014,0,179
2014-06-29,2014,0,180
2014-06-30,2014,0,181
2014-07-01,2014,0,182
2014-07-02,2014,0,183
2014-07-03,2014,0,184
2014-07-04,2014,0,185
2014-07-05,2014,0,186
2014-07-06,2014,0,187
2014-07-07,2014,0,188
2014-07-08,2014,6,189
2014-07-09,2014,93,190
2014-07-10,2014,4,191
2014-07-11,2014,0,192
2014-07-12,2014,138,193
2014-07-13,2014,108,194
2014-07-14,2014,0,195
2014-07-15,2014,0,196
2014-07-16,2014,0,197
2014-07-17,2014,0,198
2014-07-18,2014,4,199
2014-07-19,2014,0,200
2014-07-20,2014,0,201
2014-07-21,2014,0,202
2014-07-22,2014,0,203
2014-07-23,2014,0,204
2014-07-24,2014,0,205
2014-07-25,2014,0,206
2014-07-26,2014,6,207
2014-07-27,2014,59,208
2014-07-28,2014,71,209
2014-07-29,2014,52,210
2014-07-30,2014,13,211
2014-07-31,2014,1,212
2014-08-01,2014,17,213
2014-08-02,2014,25,214
2014-08-03,2014,29,215
2014-08-04,2014,38,216
2014-08-05,2014,24,217
2014-08-06,2014,38,218
2014-08-07,2014,74,219
2014-08-08,2014,59,220
2014-08-09,2014,135,221
2014-08-10,2014,421,222
2014-08-11,2014,747,223
2014-08-12,2014,22,224
2014-08-13,2014,334,225
2014-08-14,2014,36,226
2014-08-15,2014,306,227
2014-08-16,2014,37,228
2014-08-17,2014,2409,229
2014-08-18,2014,2409,230
2014-08-19,2014,2408,231
2014-08-20,2014,18,232
2014-08-21,2014,2,233
2014-08-22,2014,5,234
2014-08-23,2014,2,235
2014-08-24,2014,0,236
2014-08-25,2014,49,237
2014-08-26,2014,34,238
2014-08-27,2014,51,239
2014-08-28,2014,5,240
2014-08-29,2014,26,241
2014-08-30,2014,12,242
2014-08-31,2014,17,243
2014-09-01,2014,21,244
2014-09-02,2014,4,245
2014-09-03,2014,13,246
2014-09-04,2014,0,247
2014-09-05,2014,18,248
2015-06-30,2015,0,181
2015-07-01,2015,0,182
2015-07-02,2015,22,183
2015-07-03,2015,18,184
2015-07-04,2015,0,185
2015-07-05,2015,0,186
2015-07-06,2015,3,187
2015-07-07,2015,0,188
2015-07-08,2015,1,189
2015-07-09,2015,2,190
2015-07-10,2015,2,191
2015-07-11,2015,115,192
2015-07-12,2015,12,193
2015-07-13,2015,102,194
2015-07-14,2015,214,195
2015-07-15,2015,9,196
2015-07-16,2015,72,197
2015-07-17,2015,269,198
2015-07-18,2015,473,199
2015-07-19,2015,90,200
2015-07-20,2015,78,201
2015-07-21,2015,21,202
2015-07-22,2015,15,203
2015-07-23,2015,3,204
2015-07-24,2015,113,205
2015-07-25,2015,6,206
2015-07-26,2015,35,207
2015-07-27,2015,47,208
2015-07-28,2015,270,209
2015-07-29,2015,23,210
2015-07-30,2015,21,211
2015-07-31,2015,32,212
2015-08-01,2015,18,213
2015-08-02,2015,18,214
2015-08-03,2015,2,215
2015-08-04,2015,0,216
2015-08-05,2015,1,217
2015-08-06,2015,2,218
2015-08-07,2015,0,219
2015-08-08,2015,7,220
2015-08-09,2015,2,221
2015-08-10,2015,5,222
2015-08-11,2015,125,223
2015-08-12,2015,131,224
2015-08-13,2015,114,225
2015-08-14,2015,85,226
2015-08-15,2015,90,227
2015-08-16,2015,83,228
2015-08-17,2015,34,229
2015-08-18,2015,427,230
2015-08-19,2015,8,231
2015-08-20,2015,1,232
2015-08-21,2015,8,233
2015-08-22,2015,2,234
2015-08-23,2015,4,235
2015-08-24,2015,15,236
2015-08-25,2015,3,237
2015-08-26,2015,1,238
2015-08-27,2015,0,239
2015-08-28,2015,23,240
2015-08-29,2015,1,241
2015-08-30,2015,3,242
2015-08-31,2015,2,243
2015-09-01,2015,0,244
2015-09-02,2015,0,245
2015-09-03,2015,8,246
2015-09-04,2015,3,247
2015-09-05,2015,10,248
2016-06-27,2016,0,179
2016-06-28,2016,3,180
2016-06-29,2016,0,181
2016-06-30,2016,5,182
2016-07-01,2016,1,183
2016-07-02,2016,0,184
2016-07-03,2016,0,185
2016-07-04,2016,0,186
2016-07-05,2016,0,187
2016-07-06,2016,0,188
2016-07-07,2016,0,189
2016-07-08,2016,0,190
2016-07-09,2016,0,191
2016-07-10,2016,0,192
2016-07-11,2016,11,193
2016-07-12,2016,1,194
2016-07-13,2016,0,195
2016-07-14,2016,1,196
2016-07-15,2016,0,197
2016-07-16,2016,0,198
2016-07-17,2016,0,199
2016-07-18,2016,0,200
2016-07-19,2016,0,201
2016-07-20,2016,0,202
2016-07-21,2016,0,203
2016-07-22,2016,0,204
2016-07-23,2016,204,205
2016-07-24,2016,330,206
2016-07-25,2016,40,207
2016-07-26,2016,92,208
2016-07-27,2016,291,209
2016-07-28,2016,30,210
2016-07-29,2016,78,211
2016-07-30,2016,40,212
2016-07-31,2016,4,213
2016-08-01,2016,170,214
2016-08-02,2016,99,215
2016-08-03,2016,242,216
2016-08-04,2016,364,217
2016-08-05,2016,105,218
2016-08-06,2016,174,219
2016-08-07,2016,155,220
2016-08-08,2016,822,221
2016-08-09,2016,87,222
2016-08-10,2016,110,223
2016-08-11,2016,635,224
2016-08-12,2016,56,225
2016-08-13,2016,0,226
2016-08-14,2016,297,227
2016-08-15,2016,46,228
2016-08-16,2016,35,229
2016-08-17,2016,15,230
2016-08-18,2016,11,231
2016-08-19,2016,10,232
2016-08-20,2016,24,233
2016-08-21,2016,2,234
2016-08-22,2016,22,235
2016-08-23,2016,26,236
2016-08-24,2016,376,237
2016-08-25,2016,28,238
2016-08-26,2016,144,239
2016-08-27,2016,29,240
2016-08-28,2016,0,241
2016-08-29,2016,2,242
2016-08-30,2016,0,243
2016-08-31,2016,1,244
2016-09-01,2016,4,245
2016-09-02,2016,0,246
2016-09-03,2016,10,247
2016-09-04,2016,1,248
2016-09-05,2016,1,249
2017-06-29,2017,0,180
2017-06-30,2017,0,181
2017-07-01,2017,2,182
2017-07-02,2017,0,183
2017-07-03,2017,5,184
2017-07-04,2017,0,185
2017-07-05,2017,1,186
2017-07-06,2017,0,187
2017-07-07,2017,15,188
2017-07-08,2017,0,189
2017-07-09,2017,0,190
2017-07-10,2017,0,191
2017-07-11,2017,0,192
2017-07-12,2017,0,193
2017-07-13,2017,0,194
2017-07-14,2017,1,195
2017-07-15,2017,0,196
2017-07-16,2017,5,197
2017-07-17,2017,5,198
2017-07-18,2017,145,199
2017-07-19,2017,1,200
2017-07-20,2017,1,201
2017-07-21,2017,1,202
2017-07-22,2017,17,203
2017-07-23,2017,0,204
2017-07-24,2017,3,205
2017-07-25,2017,0,206
2017-07-26,2017,0,207
2017-07-27,2017,2,208
2017-07-28,2017,1,209
2017-07-29,2017,6,210
2017-07-30,2017,0,211
2017-07-31,2017,1,212
2017-08-01,2017,10,213
2017-08-02,2017,46,214
2017-08-03,2017,57,215
2017-08-04,2017,234,216
2017-08-05,2017,102,217
2017-08-06,2017,5,218
2017-08-07,2017,3,219
2017-08-08,2017,0,220
2017-08-09,2017,0,221
2017-08-10,2017,0,222
2017-08-11,2017,0,223
2017-08-12,2017,0,224
2017-08-13,2017,0,225
2017-08-14,2017,1,226
2017-08-15,2017,50,227
2017-08-16,2017,149,228
2017-08-17,2017,1235,229
2017-08-18,2017,1208,230
2017-08-19,2017,147,231
2017-08-20,2017,51,232
2017-08-21,2017,37,233
2017-08-22,2017,13,234
2017-08-23,2017,11,235
2017-08-24,2017,7,236
2017-08-25,2017,1,237
2017-08-26,2017,2,238
2017-08-27,2017,22,239
2017-08-28,2017,13,240
2017-08-29,2017,14,241
2017-08-30,2017,2,242
2017-08-31,2017,116,243
2017-09-01,2017,97,244
2017-09-02,2017,10,245
2017-09-03,2017,5,246
2017-09-04,2017,25,247
2017-09-05,2017,13,248
2018-06-28,2018,0,179
2018-06-29,2018,0,180
2018-06-30,2018,0,181
2018-07-01,2018,0,182
2018-07-02,2018,0,183
2018-07-03,2018,0,184
2018-07-04,2018,0,185
2018-07-05,2018,0,186
2018-07-06,2018,0,187
2018-07-07,2018,0,188
2018-07-08,2018,0,189
2018-07-09,2018,0,190
2018-07-10,2018,0,191
2018-07-11,2018,0,192
2018-07-12,2018,1,193
2018-07-13,2018,3,194
2018-07-14,2018,4,195
2018-07-15,2018,0,196
2018-07-16,2018,52,197
2018-07-17,2018,23,198
2018-07-18,2018,8,199
2018-07-19,2018,3,200
2018-07-20,2018,0,201
2018-07-21,2018,0,202
2018-07-22,2018,0,203
2018-07-23,2018,0,204
2018-07-24,2018,0,205
2018-07-25,2018,0,206
2018-07-26,2018,0,207
2018-07-27,2018,0,208
2018-07-28,2018,0,209
2018-07-29,2018,0,210
2018-07-30,2018,0,211
2018-07-31,2018,0,212
2018-08-01,2018,0,213
2018-08-02,2018,0,214
2018-08-03,2018,0,215
2018-08-04,2018,0,216
2018-08-05,2018,0,217
2018-08-06,2018,0,218
2018-08-07,2018,0,219
2018-08-08,2018,1024,220
2018-08-09,2018,0,221
2018-08-10,2018,226,222
2018-08-11,2018,29,223
2018-08-12,2018,102,224
2018-08-13,2018,188,225
2018-08-14,2018,232,226
2018-08-15,2018,7,227
2018-08-16,2018,0,228
2018-08-17,2018,0,229
2018-08-18,2018,3,230
2018-08-19,2018,7,231
2018-08-20,2018,17,232
2018-08-21,2018,23,233
2018-08-22,2018,31,234
2018-08-23,2018,2,235
2018-08-24,2018,34,236
2018-08-25,2018,3,237
2018-08-26,2018,13,238
2018-08-27,2018,93,239
2018-08-28,2018,148,240
2018-08-29,2018,27,241
2018-08-30,2018,6,242
2018-08-31,2018,11,243
2018-09-01,2018,9,244
2018-09-02,2018,44,245
2018-09-03,2018,30,246
2018-09-04,2018,25,247
2018-09-05,2018,3,248
2018-09-06,2018,11,249
2018-09-07,2018,2,250
2018-09-08,2018,0,251
2019-06-29,2019,0,180
2019-06-30,2019,0,181
2019-07-01,2019,0,182
2019-07-02,2019,0,183
2019-07-03,2019,0,184
2019-07-04,2019,0,185
2019-07-05,2019,0,186
2019-07-06,2019,0,187
2019-07-07,2019,0,188
2019-07-08,2019,0,189
2019-07-09,2019,0,190
2019-07-10,2019,0,191
2019-07-11,2019,0,192
2019-07-12,2019,0,193
2019-07-13,2019,0,194
2019-07-14,2019,0,195
2019-07-15,2019,0,196
2019-07-16,2019,0,197
2019-07-17,2019,0,198
2019-07-18,2019,0,199
2019-07-19,2019,0,200
2019-07-20,2019,2,201
2019-07-21,2019,3,202
2019-07-22,2019,5,203
2019-07-23,2019,1,204
2019-07-24,2019,0,205
2019-07-25,2019,0,206
2019-07-26,2019,0,207
2019-07-27,2019,5,208
2019-07-28,2019,459,209
2019-07-29,2019,730,210
2019-07-30,2019,66,211
2019-07-31,2019,106,212
2019-08-01,2019,40,213
2019-08-02,2019,7,214
2019-08-03,2019,5,215
2019-08-04,2019,3,216
2019-08-05,2019,0,217
2019-08-06,2019,0,218
2019-08-07,2019,24,219
2019-08-08,2019,4,220
2019-08-09,2019,5,221
2019-08-10,2019,0,222
2019-08-11,2019,0,223
2019-08-12,2019,2,224
2019-08-13,2019,1,225
2019-08-14,2019,0,226
2019-08-15,2019,0,227
2019-08-16,2019,0,228
2019-08-17,2019,1,229
2019-08-18,2019,4,230
2019-08-19,2019,0,231
2019-08-20,2019,0,232
2019-08-21,2019,5,233
2019-08-22,2019,11,234
2019-08-23,2019,346,235
2019-08-24,2019,335,236
2019-08-25,2019,15,237
2019-08-26,2019,15,238
2019-08-27,2019,614,239
2019-08-28,2019,59,240
2019-08-29,2019,5,241
2019-08-30,2019,23,242
2019-08-31,2019,18,243
2019-09-01,2019,22,244
2019-09-02,2019,7,245
2019-09-03,2019,83,246
2019-09-04,2019,2,247
2019-09-05,2019,2,248
2019-09-06,2019,1,249
2019-09-07,2019,0,250
2019-09-08,2019,0,251
2020-06-27,2020,0,179
2020-06-28,2020,0,180
2020-06-29,2020,0,181
2020-06-30,2020,0,182
2020-07-01,2020,5,183
2020-07-02,2020,0,184
2020-07-03,2020,0,185
2020-07-04,2020,0,186
2020-07-05,2020,0,187
2020-07-06,2020,0,188
2020-07-07,2020,0,189
2020-07-08,2020,0,190
2020-07-09,2020,0,191
2020-07-10,2020,0,192
2020-07-11,2020,0,193
2020-07-12,2020,0,194
2020-07-13,2020,0,195
2020-07-14,2020,0,196
2020-07-15,2020,0,197
2020-07-16,2020,0,198
2020-07-17,2020,1,199
2020-07-18,2020,11,200
2020-07-19,2020,98,201
2020-07-20,2020,409,202
2020-07-21,2020,46,203
2020-07-22,2020,43,204
2020-07-23,2020,55,205
2020-07-24,2020,0,206
2020-07-25,2020,121,207
2020-07-26,2020,158,208
2020-07-27,2020,85,209
2020-07-28,2020,0,210
2020-07-29,2020,0,211
2020-07-30,2020,0,212
2020-07-31,2020,14,213
2020-08-01,2020,7,214
2020-08-02,2020,0,215
2020-08-03,2020,0,216
2020-08-04,2020,0,217
2020-08-05,2020,46,218
2020-08-06,2020,5,219
2020-08-07,2020,528,220
2020-08-08,2020,332,221
2020-08-09,2020,786,222
2020-08-10,2020,0,223
2020-08-11,2020,457,224
2020-08-12,2020,126,225
2020-08-13,2020,1,226
2020-08-14,2020,5,227
2020-08-15,2020,144,228
2020-08-16,2020,41,229
2020-08-17,2020,7,230
2020-08-18,2020,22,231
2020-08-19,2020,2,232
2020-08-20,2020,31,233
2020-08-21,2020,0,234
2020-08-22,2020,10,235
2020-08-23,2020,4,236
2020-08-24,2020,20,237
2020-08-25,2020,23,238
2020-08-26,2020,13,239
2020-08-27,2020,9,240
2020-08-28,2020,380,241
2020-08-29,2020,16,242
2020-08-30,2020,16,243
2020-08-31,2020,23,244
2020-09-01,2020,10,245
2020-09-02,2020,4,246
2020-09-03,2020,7,247
2020-09-04,2020,1,248
2021-06-28,2021,0,179
2021-06-29,2021,0,180
2021-06-30,2021,0,181
2021-07-01,2021,0,182
2021-07-02,2021,0,183
2021-07-03,2021,0,184
2021-07-04,2021,0,185
2021-07-05,2021,0,186
2021-07-06,2021,0,187
2021-07-07,2021,0,188
2021-07-08,2021,0,189
2021-07-09,2021,0,190
2021-07-10,2021,0,191
2021-07-11,2021,0,192
2021-07-12,2021,3,193
2021-07-13,2021,0,194
2021-07-14,2021,2,195
2021-07-15,2021,0,196
2021-07-16,2021,26,197
2021-07-17,2021,13,198
2021-07-18,2021,17,199
2021-07-19,2021,9,200
2021-07-20,2021,18,201
2021-07-21,2021,24,202
2021-07-22,2021,7,203
2021-07-23,2021,12,204
2021-07-24,2021,3,205
2021-07-25,2021,6,206
2021-07-26,2021,2,207
2021-07-27,2021,10,208
2021-07-28,2021,1,209
2021-07-29,2021,1,210
2021-07-30,2021,0,211
2021-07-31,2021,0,212
2021-08-01,2021,0,213
2021-08-02,2021,0,214
2021-08-03,2021,0,215
2021-08-04,2021,193,216
2021-08-05,2021,535,217
2021-08-06,2021,655,218
2021-08-07,2021,864,219
2021-08-08,2021,274,220
2021-08-09,2021,804,221
2021-08-10,2021,901,222
2021-08-11,2021,318,223
2021-08-12,2021,896,224
2021-08-13,2021,0,225
2021-08-14,2021,200,226
2021-08-15,2021,69,227
2021-08-16,2021,38,228
2021-08-17,2021,273,229
2021-08-18,2021,292,230
2021-08-19,2021,34,231
2021-08-20,2021,68,232
2021-08-21,2021,25,233
2021-08-22,2021,17,234
2021-08-23,2021,115,235
2021-08-24,2021,41,236
2021-08-25,2021,32,237
2021-08-26,2021,24,238
2021-08-27,2021,37,239
2021-08-28,2021,402,240
2021-08-29,2021,100,241
2021-08-30,2021,4,242
2021-08-31,2021,4,243
2021-09-01,2021,16,244
2021-09-02,2021,68,245
2021-09-03,2021,44,246
2021-09-04,2021,8,247
2021-09-05,2021,0,248
2022-06-30,2022,0,181
2022-07-01,2022,0,182
2022-07-02,2022,0,183
2022-07-03,2022,0,184
2022-07-04,2022,0,185
2022-07-05,2022,0,186
2022-07-06,2022,0,187
2022-07-07,2022,0,188
2022-07-08,2022,0,189
2022-07-09,2022,0,190
2022-07-10,2022,0,191
2022-07-11,2022,0,192
2022-07-12,2022,0,193
2022-07-13,2022,1,194
2022-07-14,2022,0,195
2022-07-15,2022,0,196
2022-07-16,2022,3,197
2022-07-17,2022,1,198
2022-07-18,2022,20,199
2022-07-19,2022,10,200
2022-07-20,2022,23,201
2022-07-21,2022,50,202
2022-07-22,2022,42,203
2022-07-23,2022,105,204
2022-07-24,2022,113,205
2022-07-25,2022,19,206
2022-07-26,2022,12,207
2022-07-27,2022,30,208
2022-07-28,2022,96,209
2022-07-29,2022,312,210
2022-07-30,2022,164,211
2022-07-31,2022,55,212
2022-08-01,2022,175,213
2022-08-02,2022,54,214
2022-08-03,2022,21,215
2022-08-04,2022,20,216
2022-08-05,2022,4,217
2022-08-06,2022,0,218
2022-08-07,2022,0,219
2022-08-08,2022,89,220
2022-08-09,2022,43,221
2022-08-10,2022,61,222
2022-08-11,2022,29,223
2022-08-12,2022,34,224
2022-08-13,2022,135,225
2022-08-14,2022,59,226
2022-08-15,2022,0,227
2022-08-16,2022,21,228
2022-08-17,2022,178,229
2022-08-18,2022,9,230
2022-08-19,2022,2,231
2022-08-20,2022,18,232
2022-08-21,2022,7,233
2022-08-22,2022,7,234
2022-08-23,2022,4,235
2022-08-24,2022,26,236
2022-08-25,2022,80,237
2022-08-26,2022,11,238
2022-08-27,2022,43,239
2022-08-28,2022,32,240
2022-08-29,2022,37,241
2022-08-30,2022,8,242
2022-08-31,2022,17,243
2022-09-01,2022,3,244
2022-09-02,2022,1,245
2022-09-03,2022,3,246
2022-09-04,2022,2,247
2022-09-05,2022,0,248
2023-06-26,2023,0,177
2023-06-27,2023,0,178
2023-06-28,2023,0,179
2023-06-29,2023,0,180
2023-06-30,2023,0,181
2023-07-01,2023,0,182
2023-07-02,2023,0,183
2023-07-03,2023,0,184
2023-07-04,2023,0,185
2023-07-05,2023,2,186
2023-07-06,2023,0,187
2023-07-07,2023,0,188
2023-07-08,2023,0,189
2023-07-09,2023,0,190
2023-07-10,2023,0,191
2023-07-11,2023,0,192
2023-07-12,2023,0,193
2023-07-13,2023,0,194
2023-07-14,2023,0,195
2023-07-15,2023,19,196
2023-07-16,2023,0,197
2023-07-17,2023,0,198
2023-07-18,2023,0,199
2023-07-19,2023,0,200
2023-07-20,2023,0,201
2023-07-21,2023,0,202
2023-07-22,2023,0,203
2023-07-23,2023,0,204
2023-07-24,2023,46,205
2023-07-25,2023,44,206
2023-07-26,2023,113,207
2023-07-27,2023,132,208
2023-07-28,2023,2,209
2023-07-29,2023,85,210
2023-07-30,2023,79,211
2023-07-31,2023,2,212
2023-08-01,2023,0,213
2023-08-02,2023,9,214
2023-08-03,2023,125,215
2023-08-04,2023,175,216
2023-08-05,2023,299,217
2023-08-06,2023,377,218
2023-08-07,2023,512,219
2023-08-08,2023,662,220
2023-08-09,2023,634,221
2023-08-10,2023,794,222
2023-08-11,2023,313,223
2023-08-12,2023,67,224
2023-08-13,2023,146,225
2023-08-14,2023,96,226
2023-08-15,2023,117,227
2023-08-16,2023,203,228
2023-08-17,2023,82,229
2023-08-18,2023,90,230
2023-08-19,2023,187,231
2023-08-20,2023,174,232
2023-08-21,2023,146,233
2023-08-22,2023,146,234
2023-08-23,2023,63,235
2023-08-24,2023,133,236
2023-08-25,2023,116,237
2023-08-26,2023,463,238
2023-08-27,2023,222,239
2023-08-28,2023,167,240
2023-08-29,2023,21,241
2023-08-30,2023,31,242
2023-08-31,2023,32,243
2023-09-01,2023,156,244
2023-09-02,2023,51,245
2023-09-03,2023,8,246
2023-09-04,2023,13,247
2023-09-05,2023,5,248
