date,temp_max,temp_mean
2024-06-19,19.313,17.322855569155447
2024-06-20,16.578,16.037745833333332
2024-06-21,16.492,15.465175694444445
2024-06-22,18.112,16.13585763888889
2024-06-23,17.522,16.261724305555557
2024-06-24,16.278,15.743119444444444
2024-06-25,17.34,16.02128125
2024-06-26,20.965,17.709161805555556
2024-06-27,21.437,18.633869444444443
2024-06-28,19.345,17.911865972222223
2024-06-29,19.603,17.952716666666667
2024-06-30,20,17.739349305555557
2024-07-01,18.423,17.100540972222223
2024-07-02,16.546,16.124347916666668
2024-07-03,16.085,15.770967361111111
2024-07-04,16.803,15.975322222222223
2024-07-05,16.707,16.226972916666668
2024-07-06,16.246,15.977803472222222
2024-07-07,17.543,16.524824305555555
2024-07-08,19.227,17.92057638888889
2024-07-09,18.348,17.956140277777777
2024-07-10,17.554,17.060953472222224
2024-07-11,16.814,16.4972
2024-07-12,16.578,16.219021527777777
2024-07-13,16.278,15.824454166666667
2024-07-14,15.463,15.093572222222223
2024-07-15,15.516,15.197995833333334
2024-07-16,15.549,15.149884722222222
2024-07-17,15.656,15.359970138888889
2024-07-18,17.157,16.041600694444444
2024-07-19,17.222,16.983611805555554
2024-07-20,17.415,17.018336805555556
2024-07-21,17.297,17.09875277777778
2024-07-22,17.308,16.831331944444443
2024-07-23,16.761,16.033625
2024-07-24,15.881,15.353983333333334
2024-07-25,16.364,16.008000694444444
2024-07-26,17.297,16.49813888888889
2024-07-27,16.889,16.652559027777777
2024-07-28,16.986,16.545958333333335
2024-07-29,17.147,16.70969513888889
2024-07-30,16.986,16.674375
2024-07-31,16.578,16.196403472222222
2024-08-01,16.986,16.237860416666667
2024-08-02,17.511,16.778179861111113
2024-08-03,17.726,17.181629166666667
2024-08-04,19.131,17.849349305555556
2024-08-05,20.611,18.925976388888888
2024-08-06,20.321,19.09913611111111
2024-08-07,21.158,19.484824305555556
2024-08-08,21.662,19.794249305555557
2024-08-09,19.785,19.399799305555554
2024-08-10,19.431,18.525047222222224
2024-08-11,17.822,17.273406944444446
2024-08-12,18.155,17.232403472222224
2024-08-13,17.79,17.265329166666668
2024-08-14,17.812,17.138472916666668
2024-08-15,17.951,16.97688125
2024-08-16,17.876,16.916081944444443
2024-08-17,18.219,17.146507638888888
2024-08-18,19.109,17.54279236111111
2024-08-19,17.93,17.381393055555556
2024-08-20,18.262,17.18379236111111
2024-08-21,18.305,16.954824305555555
2024-08-22,16.889,16.380692361111112
2024-08-23,16.975,16.231039583333335
2024-08-24,16.771,16.32122986111111
2024-08-25,16.01,15.931939999999999
2009-12-31,0.74,0.74
2010-01-01,0.88,0.755
2010-01-02,0.77,0.7295833
2010-01-03,1.02,0.8408333
2010-01-04,0.93,0.81
2010-01-05,1.13,0.94416666
2010-01-06,1.48,1.3520833
2010-01-07,1.64,1.5670834
2010-01-08,1.56,1.5129167
2010-01-09,1.72,1.6341667
2010-01-10,1.78,1.7275
2010-01-11,1.72,1.6875
2010-01-12,1.94,1.85
2010-01-13,1.99,1.9291667
2010-01-14,2.1,2.0029166
2010-01-15,1.94,1.8425
2010-01-16,2.07,2.02375
2010-01-17,2.18,2.1495833
2010-01-18,2.13,2.0633333
2010-01-19,2.05,1.8804166
2010-01-20,2.37,2.1329167
2010-01-21,2.4,2.2708333
2010-01-22,2.26,2.1220834
2010-01-23,2.32,2.1679168
2010-01-24,1.99,1.57125
2010-01-25,1.13,0.96583337
2010-01-26,0.8,0.5466667
2010-01-27,1.56,1.1529167
2010-01-28,2.48,2.0079167
2010-01-29,2.64,2.2341666
2010-01-30,3.35,3.05
2010-01-31,3.62,3.3275
2010-02-01,3.41,3.15625
2010-02-02,3.38,3.14125
2010-02-03,3.3,3.0570834
2010-02-04,3.14,2.8695834
2010-02-05,3.7,3.3891666
2010-02-06,4.09,3.9308333
2010-02-07,4.35,4.1741667
2010-02-08,4.04,3.8866668
2010-02-09,3.54,3.3345833
2010-02-10,3.2,3.0533333
2010-02-11,3.33,3.0554166
2010-02-12,3.54,3.1895833
2010-02-13,3.67,3.4225001
2010-02-14,3.59,3.49375
2010-02-15,3.75,3.5408335
2010-02-16,3.83,3.6908333
2010-02-17,3.85,3.7104166
2010-02-18,3.91,3.5408332
2010-02-19,3.7,3.3445833
2010-02-20,3.64,3.2191668
2010-02-21,3.75,3.37
2010-02-22,4.01,3.59625
2010-02-23,4.61,4.036667
2010-02-24,4.79,4.2833333
2010-02-25,5.05,4.5245833
2010-02-26,5.23,4.5433335
2010-02-27,4.48,4.202083
2010-02-28,4.58,4.41375
2010-03-01,4.9,4.645
2010-03-02,5.28,4.786667
2010-03-03,4.64,4.2295833
2010-03-04,3.72,3.45875
2010-03-05,3.2,2.6983333
2010-03-06,2.72,2.5358334
2010-03-07,2.88,2.6216667
2010-03-08,2.37,2.1495833
2010-03-09,2.32,2.185
2010-03-10,2.37,2.0245833
2010-03-11,2.56,2.2266667
2010-03-12,2.13,1.7895833
2010-03-13,2.26,1.9983333
2010-03-14,3.04,2.5365217
2010-03-15,3.3,2.8775
2010-03-16,3.96,3.32625
2010-03-17,4.06,3.6441667
2010-03-18,4.64,4.0208335
2010-03-19,4.17,3.9945834
2010-03-20,5.05,4.2654166
2010-03-21,5.26,4.4466667
2010-03-22,5.23,4.74375
2010-03-23,5,4.710833
2010-03-24,4.58,4.28375
2010-03-25,4.84,4.35625
2010-03-26,4.74,4.4870834
2010-03-27,4.77,4.43625
2010-03-28,5.08,4.7308335
2010-03-29,5.54,5.0408335
2010-03-30,6.13,5.415
2010-03-31,6.31,5.66375
2010-04-01,5.72,5.0979166
2010-04-02,6.05,5.2854166
2010-04-03,6.56,5.923333
2010-04-04,7.14,6.14375
2010-04-05,6.41,6.0283337
2010-04-06,7.02,6.1854167
2010-04-07,6.23,5.5554166
2010-04-08,7.12,5.5825
2010-04-09,7.54,6.27125
2010-04-10,8.15,6.7970834
2010-04-11,8.52,7.1295834
2010-04-12,8.34,7.0695834
2010-04-13,7.34,7.03
2010-04-14,8.94,7.7504168
2010-04-15,8.72,7.9583335
2010-04-16,8.54,8.25125
2010-04-17,9.53,8.50625
2010-04-18,8.74,8.4025
2010-04-19,8.69,8.331667
2010-04-20,9.85,8.775
2010-04-21,9.68,9.219167
2010-04-22,9.63,9.02125
2010-04-23,10.15,8.9825
2010-04-24,11.27,9.598333
2010-04-25,10.1,9.410417
2010-04-26,9.36,8.709583
2010-04-27,11.18,9.79625
2010-04-28,11.47,10.55375
2010-04-29,12.53,11.119583
2010-04-30,11.35,10.79125
2010-05-01,11.44,10.525833
2010-05-02,12.07,10.692083
2010-05-03,11.57,10.549167
2010-05-04,12.7,11.379583
2010-05-05,11.76,11.515417
2010-05-06,12.58,11.531667
2010-05-07,14.05,12.024167
2010-05-08,14.72,12.3575
2010-05-09,16.2,13.594167
2010-05-10,16.42,13.945833
2010-05-11,14.31,12.8429165
2010-05-12,12.87,12.25625
2010-05-13,14.07,12.280833
2010-05-14,14.17,12.93375
2010-05-15,13.83,13.03625
2010-05-16,14.77,13.205
2010-05-17,16.53,14.545834
2010-05-18,16.37,15.205833
2010-05-19,16.13,15.067917
2010-05-20,17.87,15.2804165
2010-05-21,15.53,14.900416
2010-05-22,13.88,13.449583
2010-05-23,13.74,13.153334
2010-05-24,16.15,13.985416
2010-05-25,16.61,14.614583
2010-05-26,19.2,15.802083
2010-05-27,20.75,17.589582
2010-05-28,22.03,18.455
2010-05-29,20.22,17.883333
2010-05-30,18.46,16.469584
2010-05-31,18.46,16.20625
2010-06-01,17.34,16.09375
2010-06-02,16.18,15.187917
2010-06-03,17.7,14.54
2010-06-04,16.89,14.9625
2010-06-05,17.11,15.231667
2010-06-06,20.65,16.38875
2010-06-07,20.91,17.348751
2010-06-08,20.56,17.082083
2010-06-09,19.94,16.539583
2010-06-10,17.82,15.330833
2010-06-11,14.24,13.702084
2010-06-12,13.28,12.88875
2010-06-13,14.41,13.33875
2010-06-14,13.98,13.32875
2010-06-15,13.76,13.222917
2010-06-16,14.34,13.4875
2010-06-17,14.24,13.723333
2010-06-18,14.31,13.830833
2010-06-19,16.99,14.940416
2010-06-20,15.65,15.28875
2010-06-21,15.65,14.959167
2010-06-22,14.48,14.20375
2010-06-23,14.27,14.0616665
2010-06-24,14.55,14.21
2010-06-25,14.77,14.366087
2010-06-26,14.82,14.360833
2010-06-27,15.41,14.43125
2010-06-28,16.01,14.89125
2010-06-29,15.72,15.11625
2010-06-30,14.96,14.445833
2010-07-01,14.63,14.140833
2010-07-02,15.34,14.57375
2010-07-03,14.91,14.63375
2010-07-04,14.36,14.1
2010-07-05,13.79,13.64
2010-07-06,14.05,13.786667
2010-07-07,15.8,14.7525
2010-07-08,16.94,16.060417
2010-07-09,17.03,16.688334
2010-07-10,16.73,16.46625
2010-07-11,15.89,15.370833
2010-07-12,15.37,14.875
2010-07-13,15.2,15.109584
2010-07-14,15.01,14.705
2010-07-15,15.22,14.704166
2010-07-16,14.98,14.777083
2010-07-17,15.03,14.674583
2010-07-18,14.98,14.673333
2010-07-19,15.41,14.889584
2010-07-20,15.39,15.035833
2010-07-21,15.41,15.0945835
2010-07-22,15.99,15.317917
2010-07-23,15.51,15.14625
2010-07-24,14.98,14.679584
2010-07-25,14.67,14.416667
2010-07-26,15.94,15.012083
2010-07-27,16.56,15.98625
2010-07-28,16.99,16.31
2010-07-29,17.39,16.567501
2010-07-30,18.15,17.016666
2010-07-31,17.3,17.095
2010-08-01,16.63,16.482916
2010-08-02,16.7,16.287083
2010-08-03,16.87,16.30875
2010-08-04,17.65,16.801666
2010-08-05,17.18,17.04625
2010-08-06,17.42,16.880833
2010-08-07,16.96,16.639166
2010-08-08,16.63,16.356667
2010-08-09,16.18,16.04875
2010-08-10,16.03,15.870833
2010-08-11,16.25,15.8975
2010-08-12,17.01,16.390833
2010-08-13,17.32,16.969166
2010-08-14,18.84,17.6925
2010-08-15,19.58,18.312916
2010-08-16,18.51,18.15625
2010-08-17,17.65,17.287916
2010-08-18,16.8,16.392918
2010-08-19,16.51,16.066668
2010-08-20,16.94,16.360416
2010-08-21,16.53,16.2025
2010-08-22,16.32,16.005
2010-08-23,15.84,15.377916
2010-08-24,15.49,15.130417
2010-08-25,15.89,15.290833
2010-08-26,15.87,15.569166
2010-08-27,15.96,15.607083
2010-08-28,15.68,15.415
2010-08-29,16.3,15.545417
2010-08-30,15.89,15.604584
2010-08-31,15.96,15.455
2010-09-01,15.65,15.40125
2010-09-02,15.51,15.05
2010-09-03,15.25,14.765833
2010-09-04,15.32,14.873333
2010-09-05,15.01,14.623333
2010-09-06,15.08,14.4925
2010-09-07,15.61,14.89125
2010-09-08,15.25,15.100833
2010-09-09,15.01,14.8125
2010-09-10,15.13,14.649167
2010-09-11,14.91,14.27875
2010-09-12,15.65,14.512917
2010-09-13,15.13,14.397083
2010-09-14,15.51,14.35375
2010-09-15,15.39,14.284166
2010-09-16,15.44,14.135
2010-09-17,15.1,13.953333
2010-09-18,15.25,14.255
2010-09-19,14,13.419167
2010-09-20,13.83,12.86875
2010-09-21,13.28,12.184167
2010-09-22,12.75,11.632916
2010-09-23,12.7,11.644167
2010-09-24,11.57,11.370417
2010-09-25,11.47,11.20125
2010-09-26,11.66,11.31125
2010-09-27,11.49,11.375417
2010-09-28,11.47,11.385834
2010-09-29,11.61,11.339583
2010-09-30,11.3,11.174167
2010-10-01,11.37,11.04
2010-10-02,10.93,10.58
2010-10-03,10.42,10.015
2010-10-04,9.93,9.575833
2010-10-05,9.63,9.40625
2010-10-06,9.88,9.632083
2010-10-07,9.58,9.350833
2010-10-08,9.85,9.340834
2010-10-09,9.26,9.128333
2010-10-10,9.34,9.195833
2010-10-11,9.06,8.945416
2010-10-12,8.87,8.5320835
2010-10-13,8.42,8.31
2010-10-14,8.32,8.213333
2010-10-15,8.15,7.93875
2010-10-16,8.17,7.949167
2010-10-17,8.3,8.145416
2010-10-18,8.32,8.172916
2010-10-19,8.02,7.8658333
2010-10-20,7.87,7.721667
2010-10-21,7.65,7.5025
2010-10-22,7.14,6.8216667
2010-10-23,6.84,6.6295834
2010-10-24,6.69,6.4645834
2010-10-25,6.79,6.559167
2010-10-26,6.71,6.477083
2010-10-27,6.13,5.88
2010-10-28,5.77,5.63625
2010-10-29,5.82,5.68
2010-10-30,5.85,5.68125
2010-10-31,5.67,5.4679165
2010-11-01,5.69,5.4233336
2010-11-02,6.74,6.4016666
2010-11-03,6.89,6.6754165
2010-11-04,6.97,6.90375
2010-11-05,6.66,6.315
2010-11-06,6.1,5.9554167
2010-11-07,5.9,5.822
2010-11-08,5.77,5.5416665
2010-11-09,5.18,4.9707694
2011-06-26,20.51,19.335455
2011-06-27,20.48,17.732082
2011-06-28,17.06,16.4225
2011-06-29,18.65,16.350834
2011-06-30,17.25,16.475416
2011-07-01,16.53,15.922916
2011-07-02,15.65,15.400416
2011-07-03,16.53,15.58375
2011-07-04,15.87,15.2825
2011-07-05,14.67,14.447083
2011-07-06,14.63,14.256667
2011-07-07,14.96,14.45875
2011-07-08,15.34,14.800417
2011-07-09,15.49,15.109166
2011-07-10,16.73,15.514584
2011-07-11,18.11,16.615417
2011-07-12,17.99,17.3925
2011-07-13,18.44,17.635416
2011-07-14,17.61,17.179583
2011-07-15,18.82,17.340416
2011-07-16,18.18,17.349167
2011-07-17,18.13,17.19875
2011-07-18,16.92,16.55125
2011-07-19,16.96,16.407917
2011-07-20,17.94,16.685
2011-07-21,18.01,16.967083
2011-07-22,18.87,17.386667
2011-07-23,20.17,18.116667
2011-07-24,18.18,17.552084
2011-07-25,17.11,16.70375
2011-07-26,16.42,16.227083
2011-07-27,16.06,15.619166
2011-07-28,16.46,15.515833
2011-07-29,16.39,16.074583
2011-07-30,16.65,16.067917
2011-07-31,16.61,16.531668
2011-08-01,16.53,16.26375
2011-08-02,16.32,16.067501
2011-08-03,16.49,16.0975
2011-08-04,16.34,16.065416
2011-08-05,16.84,16.259167
2011-08-06,17.11,16.517918
2011-08-07,17.3,16.648333
2011-08-08,17.65,16.859167
2011-08-09,18.15,17.05375
2011-08-10,17.06,16.755417
2011-08-11,16.8,16.38625
2011-08-12,16.63,16.162083
2011-08-13,16.96,16.156666
2011-08-14,16.53,16.252083
2011-08-15,15.82,15.2820835
2011-08-16,15.13,14.645833
2011-08-17,15.51,15.177083
2011-08-18,15.65,15.379583
2011-08-19,15.44,15.320416
2011-08-20,15.06,14.527917
2011-08-21,14.48,14.375417
2011-08-22,14.29,14.176666
2011-08-23,14.39,14.147917
2011-08-24,14.36,14.047916
2011-08-25,14.1,13.909166
2011-08-26,13.81,13.69125
2011-08-27,13.91,13.64875
2011-08-28,13.76,13.564167
2011-08-29,14.55,13.921667
2011-08-30,14.77,14.470417
2011-08-31,14.7,14.439584
2011-09-01,14.24,13.987083
2011-09-02,13.91,13.68875
2011-09-03,13.55,13.395833
2011-09-04,13.52,13.30375
2011-09-05,13.31,13.02375
2011-09-06,13.33,12.905833
2011-09-07,13.64,13.225833
2011-09-08,13.33,13.175
2011-09-09,13.57,13.208333
2011-09-10,13.79,13.358334
2011-09-11,14.07,13.325833
2011-09-12,14.03,13.376667
2011-09-13,13.95,13.653334
2011-09-14,13.71,13.54125
2011-09-15,13.38,13.096666
2011-09-16,12.82,12.584167
2011-09-17,12.58,12.25875
2011-09-18,12.29,12.05875
2011-09-19,12.03,11.917083
2011-09-20,11.88,11.79125
2011-09-21,11.86,11.626667
2011-09-22,11.32,10.899583
2011-09-23,10.98,10.824166
2011-09-24,11.22,10.85875
2011-09-25,10.93,10.520416
2011-09-26,10.74,10.349999
2011-09-27,10.79,10.34375
2011-09-28,10.52,10.244583
2011-09-29,9.9,9.840417
2011-09-30,10.17,9.905
2011-10-01,10.54,10.083333
2011-10-02,10.27,9.74
2011-10-03,9.51,9.22375
2011-10-04,8.92,8.786667
2011-10-05,9.41,8.889584
2011-10-06,9.24,9.067917
2011-10-07,9.44,9.166667
2011-10-08,9.31,9.207916
2011-10-09,9.39,9.09875
2011-10-10,9.14,8.8429165
2011-10-11,8.79,8.623333
2011-10-12,8.87,8.679584
2011-10-13,8.94,8.697083
2011-10-14,8.89,8.554167
2011-10-15,8.57,8.315001
2011-10-16,8.67,8.288333
2011-10-17,8.3,8.18875
2011-10-18,8.87,8.53625
2011-10-19,8.77,8.593333
2011-10-20,8.37,8.233334
2011-10-21,7.97,7.4995832
2011-10-22,7.59,7.3666663
2011-10-23,7.7,7.5479164
2011-10-24,7.82,7.689167
2011-10-25,7.8,7.6379166
2011-10-26,7.34,7.2075
2011-10-27,7.17,7.0783334
2011-10-28,7.09,6.934167
2011-10-29,7.22,7.0641665
2011-10-30,7.02,6.88
2011-10-31,6.76,6.5233335
2011-11-01,6.59,6.5095835
2011-11-02,6.33,6.025833
2011-11-03,5.26,4.4058332
2011-11-04,3.75,3.61375
2011-11-05,4.22,3.9629166
2011-11-06,4.53,4.3932
2011-11-07,4.69,4.5758333
2011-11-08,4.69,4.5179167
2011-11-09,4.43,4.2320833
2011-11-10,4.22,4.15375
2011-11-11,4.22,4.074167
2011-11-12,4.48,4.224167
2011-11-13,4.45,4.0925
2011-11-14,3.43,2.73375
2011-11-15,2.45,2.31375
2011-11-16,2.64,2.5295832
2011-11-17,2.53,2.2716665
2011-11-18,1.81,1.7120833
2011-11-19,1.7,1.5041667
2011-11-20,1.13,0.89875
2011-11-21,0.96,0.81916666
2011-11-22,4.64,1.3683333
2011-11-23,5.02,1.3229166
2011-11-24,5.1,1.44375
2011-11-25,4.48,1.4820833
2011-11-26,4.9,1.7525
2011-11-27,1.89,1.4033333
2011-11-28,1.59,1.4891666
2011-11-29,1.62,1.535
2011-11-30,1.75,1.6625
2011-12-01,1.62,1.3979167
2011-12-02,2.32,1.8199999
2011-12-03,2.56,2.5075
2011-12-04,2.77,2.61375
2011-12-05,3.17,2.9729166
2011-12-06,2.56,2.18
2011-12-07,1.86,1.7766666
2011-12-08,2.69,2.2170835
2011-12-09,3.01,2.9295833
2011-12-10,2.77,2.41375
2011-12-11,2.37,2.24625
2011-12-12,2.64,2.5141666
2011-12-13,2.4,2.1991668
2011-12-14,2.16,2.09
2011-12-15,2.05,1.9779167
2011-12-16,2.07,1.9458333
2011-12-17,1.91,1.8470833
2011-12-18,1.99,1.8833333
2011-12-19,1.97,1.8920833
2011-12-20,1.97,1.9083333
2011-12-21,2.02,1.8708333
2011-12-22,2.82,2.5070834
2011-12-23,2.85,2.6608334
2011-12-24,2.77,2.6591668
2011-12-25,2.77,2.5283334
2011-12-26,2.05,1.55
2011-12-27,1.04,0.87
2011-12-28,0.91,0.85875
2011-12-29,1.04,0.95916665
2011-12-30,1.07,0.94375
2011-12-31,1.1,0.99833333
2012-01-01,1.13,0.9795833
2012-01-02,1.1,0.95125
2012-01-03,1.02,0.9375
2012-01-04,1.04,1.02
2012-01-05,1.07,1.0441667
2012-01-06,1.13,1.0466666
2012-01-07,1.43,1.2541666
2012-01-08,1.97,1.6945833
2012-01-09,1.72,1.06875
2012-01-10,0.8,0.69916666
2012-01-11,1.29,1.0079167
2012-01-12,1.53,1.415
2012-01-13,1.24,0.92375
2012-01-14,0.83,0.7520833
2012-01-15,0.63,0.5466667
2012-01-16,0.38,0.28458333
2012-01-17,0.16,0.1275
2012-01-18,0.19,0.12083333
2012-01-19,0.14,0.095
2012-01-20,0.16,0.094166666
2012-01-21,2.1,0.3645833
2012-01-22,2.13,0.4675
2012-01-23,1.72,0.39083335
2012-01-24,2.56,0.6145833
2012-01-25,0.47,0.24958333
2012-01-26,0.36,0.17208333
2012-01-27,0.3,0.1825
2012-01-28,0.5,0.35833335
2012-01-29,0.52,0.38125
2012-01-30,0.55,0.46583334
2012-01-31,0.63,0.54875
2012-02-01,0.69,0.6
2012-02-02,0.63,0.5858333
2012-02-03,0.55,0.5275
2012-02-04,0.63,0.56291664
2012-02-05,0.69,0.6491667
2012-02-06,0.91,0.74958336
2012-02-07,1.07,0.92583334
2012-02-08,1.24,1.1070833
2012-02-09,1.21,1.13625
2012-02-10,1.32,1.1958333
2012-02-11,1.34,1.28125
2012-02-12,1.43,1.3091667
2012-02-13,1.56,1.4033333
2012-02-14,1.56,1.4425
2012-02-15,1.59,1.4812499
2012-02-16,1.64,1.52875
2012-02-17,1.91,1.6875
2012-02-18,1.94,1.7595834
2012-02-19,2.1,1.87
2012-02-20,1.94,1.85625
2012-02-21,1.83,1.7366667
2012-02-22,1.83,1.7004167
2012-02-23,1.94,1.7004167
2012-02-24,2.02,1.7783333
2012-02-25,1.99,1.7162501
2012-02-26,1.97,1.8091667
2012-02-27,1.72,1.56375
2012-02-28,1.72,1.5725
2012-02-29,1.89,1.6120833
2012-03-01,1.89,1.6825
2012-03-02,1.78,1.6637499
2012-03-03,1.78,1.5745833
2012-03-04,1.56,1.3729167
2012-03-05,1.7,1.3329166
2012-03-06,1.62,1.4345833
2012-03-07,1.43,1.3591666
2012-03-08,1.18,1.1029167
2012-03-09,1.13,1.0550001
2012-03-10,1.24,1.11625
2012-03-11,1.53,1.3021739
2012-03-12,1.83,1.5191667
2012-03-13,2.05,1.7195833
2012-03-14,2.37,1.9429166
2012-03-15,2.64,2.1441667
2012-03-16,2.85,2.3404167
2012-03-17,2.93,2.4216666
2012-03-18,2.93,2.4275
2012-03-19,3.3,2.6545835
2012-03-20,3.46,2.84625
2012-03-21,3.88,3.09125
2012-03-22,3.64,3.1345832
2012-03-23,4.25,3.33875
2012-03-24,3.96,3.5070834
2012-03-25,4.04,3.3958333
2012-03-26,4.71,3.8387501
2012-03-27,5.15,4.142083
2012-03-28,5.31,4.4683332
2012-03-29,5.08,4.434583
2012-03-30,5.13,4.3575
2012-03-31,5.26,4.5725
2012-04-01,5.15,4.3470836
2012-04-02,5.05,4.309167
2012-04-03,5.26,4.570833
2012-04-04,5.9,4.934583
2012-04-05,7.02,5.9575
2012-04-06,8.25,6.5954165
2012-04-07,8.67,7.133333
2012-04-08,9.26,7.4725
2012-04-09,9.81,8.13375
2012-04-10,9.76,8.650416
2012-04-11,10.22,9.19125
2012-04-12,11.2,9.729167
2012-04-13,11.49,10.324166
2012-04-14,10.35,9.906667
2012-04-15,10,9.390417
2012-04-16,10.81,9.659166
2012-04-17,10.91,9.98125
2012-04-18,11.25,10.261666
2012-04-19,10.96,10.277083
2012-04-20,10.22,9.68125
2012-04-21,9.29,8.986667
2012-04-22,10.05,8.856667
2012-04-23,10.22,9.264167
2012-04-24,10.17,9.4725
2012-04-25,11.44,10.060417
2012-04-26,10.88,10.43
2012-04-27,12.32,10.819166
2012-04-28,12.29,11.489166
2012-04-29,11.37,10.4375
2012-04-30,9.78,9.34
2012-05-01,10.22,9.30875
2012-05-02,9.39,9.12375
2012-05-03,10.25,9.13875
2012-05-04,10.47,9.817083
2012-05-05,10.27,9.901667
2012-05-06,9.81,9.162916
2012-05-07,9.02,8.827917
2012-05-08,8.94,8.430417
2012-05-09,9.46,8.860416
2012-05-10,9.09,8.729167
2012-05-11,8.34,7.63375
2012-05-12,7.34,7.1541667
2012-05-13,8.89,7.93375
2012-05-14,8.74,8.17625
2012-05-15,8.77,7.852083
2012-05-16,8.79,8.547916
2012-05-17,8.74,8.5625
2012-05-18,9.83,8.91875
2012-05-19,9.93,9.4775
2012-05-20,10.64,9.958333
2012-05-21,11.2,10.379583
2012-05-22,13.5,11.623333
2012-05-23,12.65,12.437083
2012-05-24,12.73,12.408334
2012-05-25,12.7,12.205417
2012-05-26,12.07,11.80375
2012-05-27,12.7,11.695416
2012-05-28,12.17,11.795834
2012-05-29,12.03,11.51625
2012-05-30,11.18,10.912084
2012-05-31,10.93,10.6175
2012-06-01,11.78,10.9375
2012-06-02,12.58,11.590417
2012-06-03,13.04,12.317917
2012-06-04,14.82,13.484166
2012-06-05,14.86,14.502916
2012-06-06,17.77,15.260834
2012-06-07,16.11,15.347083
2012-06-08,14.7,14.322917
2012-06-09,17.53,15.192917
2012-06-10,16.11,14.664166
2012-06-11,14.55,14.0025
2012-06-12,14.55,13.853333
2012-06-13,14.41,13.914166
2012-06-14,13.88,13.600833
2012-06-15,13.64,13.12875
2012-06-16,12.44,12.265
2012-06-17,12.36,12.172916
2012-06-18,12.85,12.49125
2012-06-19,13.52,13.064167
2012-06-20,14.36,13.585
2012-06-21,15.49,14.3741665
2012-06-22,18.65,16.178333
2012-06-23,21.51,18.869167
2012-06-24,19.39,18.164999
2012-06-25,17.15,16.3725
2012-06-26,15.56,14.940416
2012-06-27,15.01,14.480416
2012-06-28,15.18,14.714167
2012-06-29,14.53,13.949583
2012-06-30,13.47,13.114583
2012-07-01,13.47,13.1925
2012-07-02,15.29,14.024584
2012-07-03,14.98,14.800834
2012-07-04,15.18,14.7425
2012-07-05,15.51,14.875417
2012-07-06,14.91,14.707084
2012-07-07,14.41,14.19875
2012-07-08,15.58,14.52125
2012-07-09,14.86,14.610416
2012-07-10,14.48,14.174583
2012-07-11,15.01,14.364583
2012-07-12,15.18,14.45375
2012-07-13,14.7,14.525
2012-07-14,15.2,14.591249
2012-07-15,15.99,15.325833
2012-07-16,15.7,15.411667
2012-07-17,15.27,15.009167
2012-07-18,15.46,14.945416
2012-07-19,14.89,14.68875
2012-07-20,17.63,15.760834
2012-07-21,17.65,16.633333
2012-07-22,19.13,17.26375
2012-07-23,17.72,17.1275
2012-07-24,16.61,16.190834
2012-07-25,17.82,16.311666
2012-07-26,17.3,16.479166
2012-07-27,16.51,16.132084
2012-07-28,17.75,16.33
2012-07-29,17.2,16.364584
2012-07-30,17.3,16.473333
2012-07-31,16.53,15.912084
2012-08-01,15.89,15.514167
2012-08-02,15.7,15.419167
2012-08-03,15.2,14.834167
2012-08-04,16.2,15.457916
2012-08-05,16.06,15.755417
2012-08-06,15.39,15.159583
2012-08-07,15.63,15.316667
2012-08-08,15.68,15.555416
2012-08-09,15.77,15.26625
2012-08-10,15.72,15.3325
2012-08-11,15.65,15.26
2012-08-12,15.61,15.398334
2012-08-13,16.58,15.69125
2012-08-14,17.37,16.244583
2012-08-15,17.63,16.835
2012-08-16,18.3,17.320417
2012-08-17,17.65,17.040417
2012-08-18,18.06,16.972084
2012-08-19,18.08,16.95875
2012-08-20,18.49,17.01375
2012-08-21,17.2,16.699167
2012-08-22,16.44,16.178751
2012-08-23,16.49,15.939584
2012-08-24,15.7,15.4383335
2012-08-25,15.44,15.126667
2012-08-26,16.63,15.100833
2012-08-27,15.72,15.197083
2012-08-28,15.03,14.78375
2012-08-29,15.39,14.787917
2012-08-30,15.82,15.09
2012-08-31,15.58,15.116667
2012-09-01,15.18,14.504167
2012-09-02,14.17,13.998333
2012-09-03,14.05,13.902917
2012-09-04,14.39,14.082084
2012-09-05,14.29,14.07875
2012-09-06,13.98,13.799167
2012-09-07,13.79,13.504583
2012-09-08,13.26,12.880834
2012-09-09,13.09,12.6375
2012-09-10,13.35,12.891666
2012-09-11,13.04,12.8324995
2012-09-12,12.63,12.467083
2012-09-13,12.58,12.44
2012-09-14,12.53,12.209167
2012-09-15,12.44,12.2820835
2012-09-16,12.27,12.15375
2012-09-17,12.49,12.145833
2012-09-18,12.61,12.303333
2012-09-19,12.41,12.195833
2012-09-20,13.4,12.735
2012-09-21,13.76,13.312917
2012-09-22,13.69,13.495833
2012-09-23,13.59,13.279583
2012-09-24,13.19,12.921667
2012-09-25,12.73,12.507083
2012-09-26,12.15,11.777917
2012-09-27,11.37,11.1475
2012-09-28,10.98,10.75875
2012-09-29,11.01,10.770833
2012-09-30,10.83,10.596666
2012-10-01,10.47,10.15375
2012-10-02,10,9.67375
2012-10-03,9.49,9.36625
2012-10-04,9.51,9.34625
2012-10-05,9.93,9.721666
2012-10-06,10.47,10.216249
2012-10-07,10.79,10.549583
2012-10-08,11.2,10.849584
2012-10-09,11.66,11.09875
2012-10-10,10.86,10.503333
2012-10-11,10.47,10.14875
2012-10-12,9.49,8.889584
2012-10-13,8.92,8.76125
2012-10-14,9.41,9.142083
2012-10-15,9.44,9.237917
2012-10-16,8.97,8.75
2012-10-17,8.44,8.06125
2012-10-18,7.67,7.34375
2012-10-19,6.89,6.6095834
2012-10-20,6.15,5.670417
2012-10-21,5.05,4.2433333
2012-10-22,3.88,3.6379166
2012-10-23,3.46,3.2320833
2012-10-24,3.17,2.9433334
2012-10-25,2.64,2.3229167
2012-10-26,2.61,2.2516665
2012-10-27,2.61,2.3779166
2012-10-28,2.5,2.27375
2012-10-29,2.56,2.2783334
2012-10-30,3.06,2.6916666
2012-10-31,2.96,2.855
2012-11-01,2.93,2.7783334
2012-11-02,3.12,3.0270834
2012-11-03,3.88,3.5066667
2012-11-04,4.53,4.1352
2012-11-05,4.74,4.5783334
2012-11-06,4.71,4.59375
2012-11-07,4.43,4.1670833
2012-11-08,3.75,3.4929166
2012-11-09,3.38,3.2337499
2012-11-10,3.22,3.1133332
2012-11-11,3.14,2.9808333
2012-11-12,3.35,3.2
2012-11-13,3.64,3.4770832
2012-11-14,4.32,3.97375
2012-11-15,4.3,4.202083
2012-11-16,4.09,3.9641666
2012-11-17,3.72,3.1775
2012-11-18,2.34,1.6825
2012-11-19,1.07,0.67833334
2012-11-20,0.38,0.09916667
2012-11-21,0.14,0.044166666
2012-11-22,0.3,0.18541667
2012-11-23,0.55,0.43208334
2012-11-24,0.72,0.55625
2012-11-25,0.8,0.72125
2012-11-26,0.91,0.8145833
2012-11-27,0.83,0.735
2012-11-28,0.77,0.64166665
2012-11-29,0.38,0.097500004
2012-11-30,0,0
2012-12-01,0,0
2012-12-02,0,0
2012-12-03,0.02,0.009166666
2012-12-04,0.08,0.04375
2012-12-05,0.14,0.075
2012-12-06,0.05,0.025454545
2012-12-31,0.55,0.55
2013-01-01,0.61,0.5775
2013-01-02,0.52,0.5079166
2013-01-03,0.58,0.5208333
2013-01-04,0.69,0.61625
2013-01-05,0.8,0.75333333
2013-01-06,0.83,0.75125
2013-01-07,0.88,0.78041667
2013-01-08,0.77,0.72333336
2013-01-09,0.69,0.6066667
2013-01-10,0.72,0.675
2013-01-11,0.8,0.74833333
2013-01-12,0.91,0.82708335
2013-01-13,1.07,0.9558333
2013-01-14,1.04,0.89958334
2013-01-15,0.85,0.79
2013-01-16,0.96,0.7658333
2013-01-17,1.24,1.1516666
2013-01-18,1.02,0.93708336
2013-01-19,0.96,0.92375
2013-01-20,1.18,1.02875
2013-01-21,1.51,1.3620833
2013-01-22,1.75,1.5970833
2013-01-23,1.83,1.7445834
2013-01-24,1.89,1.755
2013-01-25,1.91,1.7675
2013-01-26,1.91,1.8279166
2013-01-27,1.53,1.1958333
2013-01-28,1.04,0.76708335
2013-01-29,0.85,0.625
2013-01-30,0.99,0.92791665
2013-01-31,1.04,0.98249996
2013-02-01,1.13,1.0766667
2013-02-02,1.18,1.1379167
2013-02-03,1.24,1.1404166
2013-02-04,1.24,1.14125
2013-02-05,1.13,1.0283333
2013-02-06,1.37,1.1041666
2013-02-07,1.56,1.4016666
2013-02-08,2.21,1.9575
2013-02-09,2.42,2.07
2013-02-10,2.56,2.4770832
2013-02-11,2.1,2.0008333
2013-02-12,1.89,1.7279167
2013-02-13,1.83,1.6725
2013-02-14,2.4,2.0958333
2013-02-15,2.9,2.6566668
2013-02-16,2.58,2.2095833
2013-02-17,1.86,1.7633333
2013-02-18,2.37,2.0541666
2013-02-19,2.56,2.3916667
2013-02-20,2.4,2.2470834
2013-02-21,2.21,2.0495834
2013-02-22,2.4,2.1983333
2013-02-23,2.16,1.84375
2013-02-24,1.99,1.7741667
2013-02-25,2.26,1.92875
2013-02-26,2.74,2.2341666
2013-02-27,2.82,2.5233333
2013-02-28,3.01,2.8558333
2013-03-01,2.9,2.7233334
2013-03-02,2.9,2.7458334
2013-03-03,3.12,2.725
2013-03-04,3.27,2.87
2013-03-05,3.54,3.0791667
2013-03-06,3.78,3.3345833
2013-03-07,4.22,3.665
2013-03-08,4.17,3.8070834
2013-03-09,3.75,3.5441666
2013-03-10,3.43,3.2613044
2013-03-11,3.22,2.97125
2013-03-12,2.96,2.68375
2013-03-13,2.29,1.7837499
2013-03-14,1.75,1.1333333
2013-03-15,1.21,0.75458336
2013-03-16,1.59,0.8720833
2013-03-17,2.02,1.6587499
2013-03-18,2.1,1.5216666
2013-03-19,2.69,1.9308333
2013-03-20,2.8,2.2404168
2013-03-21,3.12,2.545
2013-03-22,3.43,2.7825
2013-03-23,4.14,3.3604167
2013-03-24,4.58,3.7383332
2013-03-25,4.01,3.6470833
2013-03-26,3.83,3.5329165
2013-03-27,4.27,3.68125
2013-03-28,4.9,3.9904168
2013-03-29,5.26,4.4508333
2013-03-30,5.08,4.6370835
2013-03-31,5.59,4.7945833
2013-04-01,5.1,4.664583
2013-04-02,4.84,4.33
2013-04-03,5.62,4.7933335
2013-04-04,6,5.06125
2013-04-05,5.31,4.6262503
2013-04-06,5.64,4.6516666
2013-04-07,7.42,6.0666666
2013-04-08,6.48,6.32875
2013-04-09,6.13,5.721667
2013-04-10,5.21,4.5458336
2013-04-11,4.66,4.039583
2013-04-12,5.05,4.2125
2013-04-13,6.97,5.1925
2013-04-14,7.9,6.475
2013-04-15,7.97,6.7733335
2013-04-16,7.32,6.95125
2013-04-17,8.15,7.1233335
2013-04-18,8.25,7.38375
2013-04-19,8.49,7.2829165
2013-04-20,9.39,7.735417
2013-04-21,9.73,8.205
2013-04-22,8.87,8.50875
2013-04-23,9.31,8.272917
2013-04-24,8.72,8.45125
2013-04-25,8.07,7.2208333
2013-04-26,6.05,5.4758334
2013-04-27,6.33,5.767083
2013-04-28,6.03,5.5504165
2013-04-29,6.71,5.7891665
2013-04-30,6.46,6.24625
2013-05-01,6.1,5.8420835
2013-05-02,5.75,5.5933332
2013-05-03,6.03,5.6741667
2013-05-04,6.03,5.8883333
2013-05-05,6.56,5.9879165
2013-05-06,7.22,6.5445833
2013-05-07,9.34,7.9379168
2013-05-08,11.76,10.228333
2013-05-09,13.23,11.623333
2013-05-10,13.86,12.455
2013-05-11,12.82,12.239166
2013-05-12,12.34,11.896667
2013-05-13,11.78,11.379583
2013-05-14,10.79,10.20875
2013-05-15,11.18,10.008333
2013-05-16,11.57,10.685416
2013-05-17,11.15,10.792916
2013-05-18,10.49,10.120417
2013-05-19,10.44,9.708333
2013-05-20,11.76,10.502084
2013-05-21,13.62,11.72375
2013-05-22,15.65,13.390833
2013-05-23,16.13,14.527083
2013-05-24,17.53,15.805834
2013-05-25,15.99,15.437083
2013-05-26,18.68,16.232916
2013-05-27,20.27,17.44125
2013-05-28,22.13,18.942083
2013-05-29,18.89,17.741667
2013-05-30,20.1,17.5625
2013-05-31,16.73,16.263334
2013-06-01,15.72,15.30125
2013-06-02,15.53,14.965834
2013-06-03,15.06,14.7508335
2013-06-04,14.72,14.240833
2013-06-05,14.17,13.757916
2013-06-06,13.38,12.810833
2013-06-07,14.29,13.15
2013-06-08,15.77,14.475834
2013-06-09,16.87,15.176666
2013-06-10,19.46,16.83875
2013-06-11,19.53,17.815416
2013-06-12,17.87,17.1175
2013-06-13,16.37,16.041666
2013-06-14,19.63,16.794167
2013-06-15,22.01,18.409584
2013-06-16,24.03,20.276667
2013-06-17,24,20.95375
2013-06-18,21.65,19.625834
2013-06-19,21.15,18.916666
2013-06-20,19.39,18.181667
2013-06-21,21.53,18.715416
2013-06-22,18.13,17.290833
2013-06-23,20.94,17.590834
2013-06-24,24.32,19.325417
2013-06-25,20.15,17.949167
2013-06-26,19.51,17.59375
2013-06-27,18.53,17.583334
2013-06-28,19.89,17.610416
2013-06-29,19.67,17.772501
2013-06-30,22.73,19.602917
2013-07-01,19.44,18.232082
2013-07-02,17.51,17.094584
2013-07-03,17.08,16.6825
2013-07-04,17.44,16.862083
2013-07-05,17.3,17.025
2013-07-06,17.87,17.062084
2013-07-07,17.53,17.225416
2013-07-08,17.01,16.606667
2013-07-09,16.39,15.615833
2013-07-10,16.15,15.505417
2013-07-11,16.58,16.265417
2013-07-12,16.63,16.329584
2013-07-13,16.63,16.243334
2013-07-14,18.15,16.738333
2013-07-15,17.2,16.94125
2013-07-16,18.89,17.410833
2013-07-17,18.91,17.795
2013-07-18,19.01,17.882084
2013-07-19,18.84,18.032917
2013-07-20,17.99,17.578333
2013-07-21,18.53,17.43
2013-07-22,17.42,17.219584
2013-07-23,19.15,17.77
2013-07-24,18.03,17.8275
2013-07-25,18.39,17.942083
2013-07-26,18.49,18.020834
2013-07-27,19.13,18.26125
2013-07-28,20.6,18.894167
2013-07-29,20.58,19.28125
2013-07-30,20.32,19.09
2013-07-31,20.6,19.09125
2013-08-01,19.94,18.804167
2013-08-02,19.44,18.42125
2013-08-03,19.79,18.405834
2013-08-04,18.32,18.016666
2013-08-05,19.08,18.121666
2013-08-06,20.63,18.804583
2013-08-07,20.67,19.030834
2013-08-08,18.91,18.565
2013-08-09,19.29,18.355
2013-08-10,19.32,18.154167
2013-08-11,19.91,18.267916
2013-08-12,20.46,18.767916
2013-08-13,18.72,18.331667
2013-08-14,20.46,18.747917
2013-08-15,19.13,18.324583
2013-08-16,19.08,18.184166
2013-08-17,18.06,17.528334
2013-08-18,18.65,17.405834
2013-08-19,18.63,17.428333
2013-08-20,18.87,17.615833
2013-08-21,18.58,17.588333
2013-08-22,18.89,17.587084
2013-08-23,18.3,17.540833
2013-08-24,17.34,16.967083
2013-08-25,16.82,16.520834
2013-08-26,16.87,16.37875
2013-08-27,16.92,16.59
2013-08-28,18.01,17.050833
2013-08-29,17.82,17.0325
2013-08-30,17.39,17.145416
2013-08-31,16.96,16.770416
2013-09-01,16.34,16.24125
2013-09-02,16.96,16.4525
2013-09-03,16.87,16.6425
2013-09-04,16.53,16.219166
2013-09-05,16.46,16.019167
2013-09-06,16.39,16.285
2013-09-07,16.18,16.06
2013-09-08,15.94,15.5633335
2013-09-09,15.8,15.415417
2013-09-10,15.61,15.3925
2013-09-11,15.39,15.19375
2013-09-12,15.63,15.329583
2013-09-13,15.46,15.115833
2013-09-14,15.96,15.33
2013-09-15,15.77,15.244583
2013-09-16,15.34,15.114583
2013-09-17,14.79,14.44125
2013-09-18,14.29,13.84875
2013-09-19,13.47,13.064167
2013-09-20,13.02,12.79875
2013-09-21,12.87,12.650833
2013-09-22,12.2,11.893333
2013-09-23,11.73,11.5575
2013-09-24,12.29,11.632916
2013-09-25,11.88,11.355
2013-09-26,11.93,11.590834
2013-09-27,11.42,11.285417
2013-09-28,10.91,10.55625
2013-09-29,10.93,10.4075
2013-09-30,11.37,10.754583
2013-10-01,11.35,11.00875
2013-10-02,11.47,11.009583
2013-10-03,10.86,10.509583
2013-10-04,10.32,10.20125
2013-10-05,10.47,10.204583
2013-10-06,10.32,9.957084
2013-10-07,10.08,9.79625
2013-10-08,9.61,9.511666
2013-10-09,9.66,9.48125
2013-10-10,9.63,9.439584
2013-10-11,9.68,9.525833
2013-10-12,9.44,9.26375
2013-10-13,9.39,9.215
2013-10-14,9.51,9.42
2013-10-15,9.44,9.24125
2013-10-16,9.71,9.495
2013-10-17,9.63,9.508333
2013-10-18,9.44,9.357917
2013-10-19,9.63,9.452917
2013-10-20,9.58,9.54375
2013-10-21,9.41,9.1975
2013-10-22,8.94,8.672916
2013-10-23,8.94,8.725
2013-10-24,8.99,8.8741665
2013-10-25,9.04,8.937917
2013-10-26,9.06,8.981667
2013-10-27,8.69,8.380417
2013-10-28,8.62,8.466667
2013-10-29,8.87,8.650416
2013-10-30,8.72,8.62875
2013-10-31,8.57,8.412084
2013-11-01,8.17,7.9454165
2013-11-02,7.7,7.287083
2013-11-03,6.81,6.3204
2013-11-04,5.77,5.4895835
2013-11-05,6.38,5.909167
2013-11-06,6.71,6.53875
2013-11-07,6.51,6.3733335
2013-11-08,6.31,5.8758335
2013-11-09,5.18,4.51
2013-11-10,4.22,4.0466666
2013-11-11,4.01,3.83
2013-11-12,4.22,4.0529165
2013-11-13,4.43,4.3058333
2013-11-14,5.1,4.6466665
2013-11-15,5.23,5.0225
2013-11-16,4.48,3.7125
2013-11-17,2.56,1.68375
2013-11-18,1.07,0.8154167
2013-11-19,1.04,0.8958333
2013-11-20,1.32,1.1358334
2013-11-21,1.24,0.90375
2013-11-22,2.29,1.53875
2013-11-23,3.14,2.88625
2013-11-24,3.09,2.75375
2013-11-25,2.96,2.6545835
2013-11-26,3.38,3.145
2013-11-27,3.85,3.56875
2013-11-28,3.7,3.5579166
2013-11-29,3.59,3.5041666
2013-11-30,3.2,2.7441666
2013-12-01,2.1,1.0991666
2013-12-02,0.66,0.57
2013-12-03,0.8,0.595
2013-12-04,1.07,0.7891667
2013-12-05,1.15,0.84250003
2013-12-06,1.24,0.94125
2013-12-07,1.51,1.3075
2013-12-08,1.67,1.55
2013-12-09,1.75,1.6633333
2013-12-10,1.78,1.695
2013-12-11,1.72,1.56625
2013-12-12,1.56,1.4858333
2013-12-13,2.1,1.7545834
2013-12-14,3.2,2.7708333
2013-12-15,2.77,2.3854167
2013-12-16,2.02,1.8916667
2013-12-17,1.94,1.79
2013-12-18,1.59,1.4383333
2013-12-19,1.43,1.3104167
2013-12-20,1.32,1.2345834
2013-12-21,1.26,1.1879166
2013-12-22,1.37,1.2945833
2013-12-23,1.26,1.24375
2013-12-24,1.34,1.2620833
2013-12-25,1.72,1.52
2013-12-26,2.34,2.1299999
2013-12-27,2.58,2.4591665
2013-12-28,2.48,2.45125
2013-12-29,2.48,2.2629168
2013-12-30,2.82,2.5204167
2013-12-31,2.85,2.8104167
2014-01-01,3.04,2.9204166
2014-01-02,2.82,2.6645834
2014-01-03,2.42,2.3433332
2014-01-04,2.42,2.3
2014-01-05,2.53,2.4725
2014-01-06,2.96,2.7779167
2014-01-07,3.06,2.97125
2014-01-08,3.01,2.9433334
2014-01-09,2.9,2.8216667
2014-01-10,2.74,2.5145833
2014-01-11,2.26,2.1558335
2014-01-12,2.13,2.0591667
2014-01-13,2.66,2.16625
2014-01-14,3.62,3.25125
2014-01-15,3.12,3.0483332
2014-01-16,3.85,3.5241666
2014-01-17,3.88,3.7941666
2014-01-18,4.12,3.9483333
2014-01-19,3.72,3.4120834
2014-01-20,3.56,3.4458332
2014-01-21,4.17,3.9229167
2014-01-22,4.9,4.495
2014-01-23,5.21,5.09125
2014-01-24,4.84,4.2291665
2014-01-25,3.54,3.3129168
2014-01-26,3.27,3.0045834
2014-01-27,3.78,3.4983332
2014-01-28,3.96,3.8216667
2014-01-29,4.09,3.89
2014-01-30,3.56,3.3254166
2014-01-31,3.56,3.4004166
2014-02-01,3.22,2.97875
2014-02-02,3.12,2.8829167
2014-02-03,3.01,2.7925
2014-02-04,2.77,2.59625
2014-02-05,2.69,2.4533334
2014-02-06,2.58,2.13
2014-02-07,2.82,2.3179166
2014-02-08,2.26,1.9525
2014-02-09,1.99,1.6133333
2014-02-10,1.18,0.95125
2014-02-11,0.85,0.69208336
2014-02-12,1.43,0.965
2014-02-13,2.21,1.4679167
2014-02-14,2.58,2.07875
2014-02-15,2.74,2.3125
2014-02-16,2.53,2.3408332
2014-02-17,2.32,2.0833333
2014-02-18,1.99,1.875
2014-02-19,1.83,1.5316666
2014-02-20,1.99,1.5433333
2014-02-21,2.07,1.55875
2014-02-22,1.24,1.07625
2014-02-23,1.24,0.88375
2014-02-24,1.18,0.81041664
2014-02-25,1.64,1.16875
2014-02-26,2.37,1.7658333
2014-02-27,2.34,1.8575
2014-02-28,2.45,1.9354167
2014-03-01,2.53,2.1029167
2014-03-02,2.32,1.9725
2014-03-03,2.1,1.8258333
2014-03-04,2.66,1.79875
2014-03-05,2.16,1.71625
2014-03-06,2.56,1.9404167
2014-03-07,3.25,2.3225
2014-03-08,3.22,2.8108335
2014-03-09,2.53,2.186087
2014-03-10,2.29,2.1333332
2014-03-11,2.29,2.18625
2014-03-12,2.53,2.2725
2014-03-13,2.69,2.5858333
2014-03-14,2.74,2.5629168
2014-03-15,3.01,2.72125
2014-03-16,3.3,2.925
2014-03-17,3.22,2.9675
2014-03-18,3.2,2.99375
2014-03-19,3.54,3.1275
2014-03-20,4.19,3.5941668
2014-03-21,4.48,3.86875
2014-03-22,4.58,3.7870834
2014-03-23,4.69,3.73875
2014-03-24,3.91,3.26125
2014-03-25,3.59,3.11625
2014-03-26,3.43,2.9904168
2014-03-27,4.12,3.0820835
2014-03-28,4.38,3.265
2014-03-29,4.79,3.67
2014-03-30,6.03,4.4704165
2014-03-31,6.46,4.82625
2014-04-01,5.57,4.79625
2014-04-02,6.51,5.1025
2014-04-03,7.29,5.4583335
2014-04-04,6.33,5.47
2014-04-05,6.86,5.9266667
2014-04-06,7.12,6.44625
2014-04-07,6.54,6.3395834
2014-04-08,6.36,6.10875
2014-04-09,5.49,4.9825
2014-04-10,5.49,4.895
2014-04-11,7.09,5.527917
2014-04-12,7.54,6.1116667
2014-04-13,8.05,6.87125
2014-04-14,7.75,7.18875
2014-04-15,8.15,7.6066666
2014-04-16,8.99,8.058333
2014-04-17,8.67,8.35875
2014-04-18,9.78,8.785417
2014-04-19,8.99,8.442083
2014-04-20,9.71,8.5675
2014-04-21,9.19,8.62625
2014-04-22,10.05,8.610833
2014-04-23,10.66,9.52125
2014-04-24,11.54,10.236667
2014-04-25,13.47,11.19625
2014-04-26,12.63,11.614166
2014-04-27,11.49,11.07125
2014-04-28,11.49,10.72
2014-04-29,12.56,10.6570835
2014-04-30,14.48,11.853333
2014-05-01,15.65,13.039583
2014-05-02,15.92,13.91875
2014-05-03,16.08,13.954166
2014-05-04,16.82,13.994166
2014-05-05,14.24,13.09625
2014-05-06,15.2,12.792084
2014-05-07,14.96,12.8
2014-05-08,14.75,12.974999
2014-05-09,17.96,13.434584
2014-05-10,13.57,12.72375
2014-05-11,13.23,12.265
2014-05-12,14.48,12.442917
2014-05-13,14.86,13.522083
2014-05-14,16.44,14.1675005
2014-05-15,18.63,14.949166
2014-05-16,19.7,15.1675005
2014-05-17,17.94,14.920834
2014-05-18,15.75,14.029166
2014-05-19,13.02,12.296667
2014-05-20,14,12.745417
2014-05-21,15.92,13.739166
2014-05-22,17.39,14.120417
2014-05-23,14.58,13.558333
2014-05-24,18.08,14.9825
2014-05-25,18.77,15.168333
2014-05-26,16.23,14.194583
2014-05-27,14.72,13.855833
2014-05-28,13.81,13.252501
2014-05-29,15.94,14.03625
2014-05-30,14.15,13.7300005
2014-05-31,15.13,13.7375
2014-06-01,15.56,13.822917
2014-06-02,15.96,14.239166
2014-06-03,14.86,14.0325
2014-06-04,15.44,14.4475
2014-06-05,16.99,15.147917
2014-06-06,17.89,15.835
2014-06-07,16.39,16.00875
2014-06-08,15.58,15.089583
2014-06-09,15.65,15.1570835
2014-06-10,16.13,15.423333
2014-06-11,15.56,15.297084
2014-06-12,15.75,15.082084
2014-06-13,15.01,14.785833
2014-06-14,14.77,14.231667
2014-06-15,15.22,14.402917
2014-06-16,16.77,15.30375
2014-06-17,15.96,15.26375
2014-06-18,15.58,14.921667
2014-06-19,15.68,15.132916
2014-06-20,16.23,15.46875
2014-06-21,16.2,15.457916
2014-06-22,15.32,14.705833
2014-06-23,15.53,14.949166
2014-06-24,15.32,15.031667
2014-06-25,14.98,14.66875
2014-06-26,16.18,15.10375
2014-06-27,17.15,16.015
2014-06-28,17.2,16.403334
2014-06-29,17.49,16.64625
2014-06-30,16.89,16.5075
2014-07-01,17.96,16.707083
2014-07-02,17.87,17.010416
2014-07-03,19.18,17.490833
2014-07-04,18.15,17.42375
2014-07-05,19.03,17.7275
2014-07-06,20.22,18.151667
2014-07-07,17.8,17.162083
2014-07-08,17.01,16.58
2014-07-09,16.77,16.613333
2014-07-10,17.49,16.8775
2014-07-11,17.25,16.954166
2014-07-12,16.63,16.382084
2014-07-13,16.7,16.460833
2014-07-14,16.94,16.754583
2014-07-15,17.06,16.7575
2014-07-16,17.53,16.751667
2014-07-17,17.18,16.80625
2014-07-18,17.96,16.976667
2014-07-19,17.13,16.86125
2014-07-20,16.63,16.147917
2014-07-21,18.18,16.50125
2014-07-22,18.77,17.304167
2014-07-23,18.08,17.537083
2014-07-24,17.63,17.25125
2014-07-25,16.89,16.41375
2014-07-26,16.32,15.530833
2014-07-27,16.39,15.567917
2014-07-28,16.46,16.099583
2014-07-29,16.65,15.987917
2014-07-30,17.42,16.507917
2014-07-31,18.56,17.374584
2014-08-01,19.46,18.164583
2014-08-02,20.58,19.005
2014-08-03,19.48,18.81125
2014-08-04,19.25,18.615
2014-08-05,18.84,18.114584
2014-08-06,19.32,18.213333
2014-08-07,19.34,18.118334
2014-08-08,18.13,17.564167
2014-08-09,17.34,16.777082
2014-08-10,16.56,16.197083
2014-08-11,17.03,16.605833
2014-08-12,17.58,17.161667
2014-08-13,17.51,17.184166
2014-08-14,16.99,16.67625
2014-08-15,16.89,16.56125
2014-08-16,16.94,16.7075
2014-08-17,16.7,15.8429165
2014-08-18,16.15,15.61125
2014-08-19,16.92,16.314167
2014-08-20,17.25,16.703333
2014-08-21,18.2,17.32875
2014-08-22,17.92,17.5675
2014-08-23,18.6,17.710833
2014-08-24,17.68,17.315834
2014-08-25,17.18,16.822916
2014-08-26,16.96,16.71125
2014-08-27,17.3,16.715834
2014-08-28,16.73,16.441668
2014-08-29,16.06,15.5775
2014-08-30,15.63,15.144584
2014-08-31,15.2,14.895416
2014-09-01,15.51,14.99625
2014-09-02,15.92,15.356667
2014-09-03,15.61,15.455833
2014-09-04,15.87,15.506667
2014-09-05,15.65,15.47375
2014-09-06,15.41,14.9875
2014-09-07,15.49,15.135834
2014-09-08,15.51,15.161667
2014-09-09,15.51,15.0375
2014-09-10,14.86,14.634583
2014-09-11,14.94,14.445833
2014-09-12,15.13,14.722917
2014-09-13,15.87,15.225416
2014-09-14,15.77,15.396667
2014-09-15,15.68,15.50375
2014-09-16,16.13,15.522083
2014-09-17,15.87,15.32625
2014-09-18,15.25,14.814167
2014-09-19,14.77,14.419167
2014-09-20,14.39,14.0008335
2014-09-21,13.88,13.69375
2014-09-22,13.52,13.19625
2014-09-23,13.31,12.76875
2014-09-24,13.35,12.871667
2014-09-25,12.92,12.739583
2014-09-26,12.44,12.3445835
2014-09-27,12.61,12.422083
2014-09-28,12.8,12.529583
2014-09-29,13.5,12.855416
2014-09-30,13.14,12.935417
2014-10-01,12.49,11.89625
2014-10-02,10.96,9.966249
2014-10-03,10.22,9.575833
2014-10-04,11.05,10.722083
2014-10-05,11.01,10.845417
2014-10-06,10.61,10.315833
2014-10-07,10.03,9.796667
2014-10-08,9.39,9.08
2014-10-09,9.26,8.799583
2014-10-10,10.47,9.989166
2014-10-11,10.57,10.483334
2014-10-12,10.49,10.364166
2014-10-13,10.27,10.099167
2014-10-14,9.93,9.475833
2014-10-15,9.16,9.018333
2014-10-16,8.99,8.76625
2014-10-17,8.94,8.539166
2014-10-18,8.54,8.445833
2014-10-19,8.54,8.479584
2014-10-20,8.89,8.64375
2014-10-21,8.59,8.41875
2014-10-22,8.47,8.193334
2014-10-23,8.12,7.92375
2014-10-24,7.7,7.3679166
2014-10-25,7.39,7.050833
2014-10-26,6.99,6.6129165
2014-10-27,6.86,6.6691666
2014-10-28,6.36,6.1770835
2014-10-29,6.23,6.1104164
2014-10-30,6.48,6.3391666
2014-10-31,6.28,6.19375
2014-11-01,6.69,6.369583
2014-11-02,7.07,6.8747997
2014-11-03,6.94,6.824167
2014-11-04,6.79,6.6829166
2014-11-05,6.64,6.480417
2014-11-06,6.48,6.37125
2014-11-07,6.43,6.295
2014-11-08,6.54,6.443333
2014-11-09,6.31,6.06
2014-11-10,6.41,6.0416665
2014-11-11,5.72,5.2629166
2014-11-12,4.71,4.113333
2014-11-13,3.49,3.0125
2014-11-14,3.22,2.9520833
2014-11-15,3.22,2.9604166
2014-11-16,3.43,3.2770834
2014-11-17,3.51,3.2420833
2014-11-18,4.58,4.04375
2014-11-19,4.71,4.4666667
2014-11-20,4.19,4.0375
2014-11-21,4.43,4.2716665
2014-11-22,4.58,4.4583335
2014-11-23,4.74,4.6429167
2014-11-24,4.92,4.806667
2014-11-25,4.84,4.71125
2014-11-26,4.43,3.9454167
2014-11-27,3.27,2.2495832
2014-11-28,0.99,0.8125
2014-11-29,1.24,1.0829166
2014-11-30,1.51,1.3533334
2014-12-01,1.81,1.5770833
2014-12-02,2.26,2.0529168
2014-12-03,2.61,2.38625
2014-12-04,2.74,2.6404166
2014-12-05,2.56,2.4316666
2014-12-06,2.56,2.4470835
2014-12-07,3.49,2.93
2014-12-08,6.38,4.067917
2014-12-09,4.22,4.090417
2014-12-10,4.22,4.0533333
2014-12-11,3.99,3.87875
2014-12-12,3.64,3.5745833
2014-12-13,3.7,3.5354166
2014-12-14,4.14,3.9695833
2014-12-15,4.25,4.1970835
2014-12-16,4.19,4.0804167
2014-12-17,3.91,3.5308332
2014-12-18,3.22,3.1054165
2014-12-19,3.12,2.9466667
2014-12-20,6.31,3.4329166
2014-12-21,6.08,3.4266667
2014-12-22,3.33,3.2091668
2014-12-23,5.98,3.1516666
2014-12-24,2.64,2.54
2014-12-25,2.82,2.6883333
2014-12-26,2.8,2.6941667
2014-12-27,2.77,2.5191667
2014-12-28,2.24,2.17125
2014-12-29,2.13,2.0275
2014-12-30,2.16,2.0766666
2014-12-31,2.32,2.17125
2015-01-01,2.37,2.2145834
2015-01-02,2.34,2.1141667
2015-01-03,1.43,0.50416666
2015-01-04,0.3,0.16375001
2015-01-05,0.52,0.39166668
2015-01-06,0.74,0.60875
2015-01-07,1.02,0.89125
2015-01-08,1.26,1.14625
2015-01-09,1.48,1.3583333
2015-01-10,2.02,1.765
2015-01-11,2.21,1.9391667
2015-01-12,3.01,2.4458334
2015-01-13,3.46,3.2533333
2015-01-14,3.59,3.5625
2015-01-15,4.09,3.8104167
2015-01-16,4.12,3.9783335
2015-01-17,3.91,3.6391666
2015-01-18,3.33,3.2308333
2015-01-19,3.38,3.3033333
2015-01-20,4.35,3.7133334
2015-01-21,4.48,4.3595834
2015-01-22,4.17,4.0933332
2015-01-23,4.35,4.1979165
2015-01-24,4.38,4.167917
2015-01-25,4.27,4.1216664
2015-01-26,3.91,3.5529165
2015-01-27,3.06,2.8220832
2015-01-28,3.14,2.7629166
2015-01-29,3.41,3.2454166
2015-01-30,3.35,3.1466668
2015-01-31,2.96,2.5566666
2015-02-01,1.99,1.58125
2015-02-02,0.8,0.34666666
2015-02-03,0.41,0.18916667
2015-02-04,0.8,0.49916667
2015-02-05,0.74,0.5291667
2015-02-06,0.36,0.20875001
2015-02-07,0.3,0.18458334
2015-02-08,0.61,0.28291667
2015-02-09,0.99,0.65833336
2015-02-10,1.02,0.75375
2015-02-11,1.26,1.1420833
2015-02-12,1.45,1.3141667
2015-02-13,1.43,1.3216667
2015-02-14,1.21,1.1495833
2015-02-15,1.43,1.2570833
2015-02-16,1.81,1.57875
2015-02-17,2.21,1.9879167
2015-02-18,2.5,2.3258333
2015-02-19,2.66,2.5758333
2015-02-20,2.64,2.40125
2015-02-21,2.72,2.445
2015-02-22,3.22,3.04375
2015-02-23,3.22,3.0708332
2015-02-24,2.98,2.8166666
2015-02-25,3.06,2.7816668
2015-02-26,3.06,2.7495832
2015-02-27,3.04,2.5925
2015-02-28,3.12,2.7779167
2015-03-01,3.7,3.1220834
2015-03-02,3.8,3.2725
2015-03-03,4.14,3.7604167
2015-03-04,4.48,4.2258334
2015-03-05,4.69,4.4066668
2015-03-06,4.77,4.3233333
2015-03-07,4.69,4.375
2015-03-08,4.79,4.423913
2015-03-09,3.8,3.3204167
2015-03-10,3.06,2.8545833
2015-03-11,2.53,1.8958334
2015-03-12,2.48,1.8720833
2015-03-13,3.06,2.85125
2015-03-14,2.77,2.4754167
2015-03-15,2.72,2.45
2015-03-16,3.38,2.7354167
2015-03-17,3.72,3.36625
2015-03-18,4.45,3.98375
2015-03-19,5.8,4.8375
2015-03-20,5.62,5.1770835
2015-03-21,5.33,5.0916667
2015-03-22,5.36,4.735833
2015-03-23,5.64,4.7395835
2015-03-24,6.23,5.0695834
2015-03-25,5.28,5.1154165
2015-03-26,6.1,5.5225
2015-03-27,6.48,5.9191666
2015-03-28,6.05,5.6983333
2015-03-29,6,5.6766667
2015-03-30,6.31,5.6829166
2015-03-31,6.97,6.175
2015-04-01,7.09,6.306667
2015-04-02,6.89,6.346667
2015-04-03,7.29,6.5075
2015-04-04,8.32,7.045417
2015-04-05,9.04,7.577083
2015-04-06,8.42,7.7320833
2015-04-07,8,7.792917
2015-04-08,7.54,7.0004168
2015-04-09,6.2,5.74125
2015-04-10,5.87,5.3595834
2015-04-11,5.54,5.2075
2015-04-12,5.13,4.7625
2015-04-13,6.03,4.9379168
2015-04-14,6.36,5.84125
2015-04-15,6.13,5.849167
2015-04-16,6.74,6.1045833
2015-04-17,7.65,6.6804166
2015-04-18,7.24,6.599583
2015-04-19,6.28,6.133333
2015-04-20,7.17,6.4554167
2015-04-21,7.37,6.846667
2015-04-22,8.05,7.3629165
2015-04-23,9.63,8.027083
2015-04-24,11.03,9.244583
2015-04-25,12.27,10.588333
2015-04-26,11.32,10.5575
2015-04-27,10.12,9.461667
2015-04-28,9.53,9.169583
2015-04-29,9.41,8.798333
2015-04-30,9.19,8.71375
2015-05-01,11.13,9.497084
2015-05-02,12.56,10.886666
2015-05-03,13.02,11.474167
2015-05-04,14.19,12.28375
2015-05-05,14.31,12.419167
2015-05-06,13.55,12.528334
2015-05-07,12.85,12.358334
2015-05-08,15.18,13.329166
2015-05-09,14.94,13.982083
2015-05-10,16.23,14.170834
2015-05-11,15.65,14.17125
2015-05-12,17.84,15.074583
2015-05-13,18.08,15.317083
2015-05-14,18.68,15.921667
2015-05-15,15.49,14.24625
2015-05-16,16.32,13.6375
2015-05-17,18.79,14.071667
2015-05-18,17.8,14.524584
2015-05-19,15.87,13.944584
2015-05-20,16.61,13.803333
2015-05-21,15.63,13.3925
2015-05-22,19.77,14.81375
2015-05-23,14.36,13.4054165
2015-05-24,19.06,14.3475
2015-05-25,19.91,15.398334
2015-05-26,14.98,13.842083
2015-05-27,13.91,13.036667
2015-05-28,19.6,14.712916
2015-05-29,18.77,14.971666
2015-05-30,16.25,14.192917
2015-05-31,14.12,13.27625
2015-06-01,13.76,12.566667
2015-06-02,15.32,13.100416
2015-06-03,17.15,13.777917
2015-06-04,13.79,12.775833
2015-06-05,13.64,13.192917
2015-06-06,13.57,13.389167
2015-06-07,14.15,13.646667
2015-06-08,14.67,14.115
2015-06-09,15.32,14.707916
2015-06-10,14.91,14.465417
2015-06-11,14.29,13.790417
2015-06-12,14.72,13.9525
2015-06-13,15.56,14.84625
2015-06-14,18.58,16.5875
2015-06-15,20.7,18.439167
2015-06-16,19.67,18.594166
2015-06-17,18.34,17.608334
2015-06-18,17.2,16.64625
2015-06-19,18.25,16.81125
2015-06-20,19.27,17.2575
2015-06-21,18.91,17.671667
2015-06-22,20.91,18.302917
2015-06-23,21.46,18.703333
2015-06-24,18.77,17.816666
2015-06-25,18.41,17.636667
2015-06-26,17.63,16.627916
2015-06-27,18.39,17.655
2015-06-28,19.72,18.370832
2015-06-29,20.17,18.894167
2015-06-30,19.44,18.724167
2015-07-01,18.44,18.038334
2015-07-02,17.44,16.061666
2015-07-03,16.34,16.032084
2015-07-04,18.11,16.82375
2015-07-05,19.84,18.244167
2015-07-06,21.2,19.490833
2015-07-07,19.6,19.336666
2015-07-08,19.03,18.5025
2015-07-09,19.48,18.329166
2015-07-10,18.6,18.2275
2015-07-11,18.34,17.92625
2015-07-12,18.79,18.26125
2015-07-13,18.58,18.16625
2015-07-14,17.84,17.475
2015-07-15,17.99,17.270834
2015-07-16,17.68,17.477917
2015-07-17,17.23,16.485834
2015-07-18,17.13,16.471666
2015-07-19,17.06,16.747917
2015-07-20,16.77,16.292084
2015-07-21,17.13,16.788334
2015-07-22,17.49,17.0275
2015-07-23,17.13,16.687916
2015-07-24,17.06,16.37125
2015-07-25,16.94,16.499584
2015-07-26,16.65,16.5375
2015-07-27,16.23,15.8175
2015-07-28,16.08,15.587916
2015-07-29,15.75,15.5008335
2015-07-30,15.92,15.5925
2015-07-31,16.06,15.82875
2015-08-01,17.15,16.3775
2015-08-02,17.65,17.045834
2015-08-03,19.03,18.053333
2015-08-04,19.84,18.960417
2015-08-05,19.15,18.58125
2015-08-06,18.01,17.768333
2015-08-07,18.46,17.70875
2015-08-08,19.01,17.876667
2015-08-09,17.96,17.399166
2015-08-10,17.3,16.924583
2015-08-11,16.84,16.57625
2015-08-12,16.77,16.563334
2015-08-13,17.89,17.053333
2015-08-14,18.15,17.5625
2015-08-15,18.63,17.906666
2015-08-16,18.13,17.958334
2015-08-17,17.8,17.569584
2015-08-18,17.18,16.272083
2015-08-19,16.73,16.264166
2015-08-20,16.96,16.487917
2015-08-21,17.61,17.05
2015-08-22,17.37,16.62625
2015-08-23,15.75,14.566667
2015-08-24,15.51,14.687917
2015-08-25,16.34,15.5025
2015-08-26,16.46,16.01875
2015-08-27,16.11,15.637083
2015-08-28,15.03,14.440416
2015-08-29,14.79,14.235
2015-08-30,14.58,14.252501
2015-08-31,13.93,13.658334
2015-09-01,13.98,13.42375
2015-09-02,14.22,13.544583
2015-09-03,14.72,13.814583
2015-09-04,14.22,13.8475
2015-09-05,13.93,13.695416
2015-09-06,13.76,13.551666
2015-09-07,13.81,13.4725
2015-09-08,14.27,13.555833
2015-09-09,14.53,14.1525
2015-09-10,14.29,13.765
2015-09-11,13.71,13.30375
2015-09-12,13.81,13.51
2015-09-13,13.71,13.4575
2015-09-14,13.4,13.204583
2015-09-15,13.06,12.868334
2015-09-16,12.78,12.63375
2015-09-17,12.58,12.45125
2015-09-18,12.9,12.5199995
2015-09-19,12.61,12.389167
2015-09-20,12.07,11.864583
2015-09-21,12.17,11.68125
2015-09-22,11.52,11.198334
2015-09-23,11.47,10.87625
2015-09-24,11.54,10.859546
2015-09-25,11.71,10.99625
2015-09-26,11.18,11.022083
2015-09-27,11.54,11.263333
2015-09-28,11.73,11.592083
2015-09-29,11.93,11.817083
2015-09-30,11.52,11.19125
2015-10-01,11.39,11.056666
2015-10-02,11.15,10.651667
2015-10-03,10.98,10.605
2015-10-04,11.13,10.689167
2015-10-05,10.57,10.067917
2015-10-06,10.17,9.545834
2015-10-07,10.57,9.852917
2015-10-08,10.96,10.64
2015-10-09,11.39,11.121667
2015-10-10,11.47,11.156667
2015-10-11,11.1,10.666667
2015-10-12,10.17,10.006249
2015-10-13,9.81,9.570416
2015-10-14,9.78,9.503333
2015-10-15,9.39,9.084167
2015-10-16,9.44,9.127916
2015-10-17,9.88,9.689167
2015-10-18,9.88,9.783751
2015-10-19,9.68,9.53875
2015-10-20,9.41,9.237083
2015-10-21,9.56,9.37125
2015-10-22,9.66,9.564584
2015-10-23,9.51,9.33875
2015-10-24,9.09,8.8429165
2015-10-25,8.69,8.415833
2015-10-26,7.92,7.6833334
2015-10-27,8.92,7.1866665
2015-10-28,10.22,7.63125
2015-10-29,9.88,7.8816667
2015-10-30,8.12,7.8904166
2015-10-31,7.97,7.77375
2015-11-01,7.27,6.83
2015-11-02,6.51,6.325
2015-11-03,6.46,6.2054167
2015-11-04,6.86,6.605417
2015-11-05,6.79,6.6433334
2015-11-06,6.91,6.7225
2015-11-07,6.99,6.947083
2015-11-08,7.12,6.9679165
2015-11-09,7.09,6.974583
2015-11-10,7.09,6.7633333
2015-11-11,6.41,5.9875
2015-11-12,5.77,5.608333
2015-11-13,6.1,5.8854165
2015-11-14,6.03,5.7341666
2015-11-15,5.46,4.837917
2015-11-16,4.74,4.6041665
2015-11-17,4.43,3.67125
2015-11-18,3.33,3.1079166
2015-11-19,2.93,2.8595834
2015-11-20,3.8,3.20375
2015-11-21,5.15,4.840833
2015-11-22,4.84,4.463333
2015-11-23,3.99,3.5433333
2015-11-24,3.64,3.5366666
2015-11-25,3.7,3.5575001
2015-11-26,3.67,3.4729166
2015-11-27,4.12,3.8975
2015-11-28,4.56,4.2495832
2015-11-29,5,4.89375
2015-11-30,4.87,4.6766667
2015-12-01,4.74,4.6870832
2015-12-02,4.69,4.6041665
2015-12-03,4.45,4.2770834
2015-12-04,3.83,3.55125
2015-12-05,3.12,2.9429166
2015-12-06,2.96,2.8141668
2015-12-07,3.06,2.9316666
2015-12-08,3.27,3.1220834
2015-12-09,3.27,3.2066667
2015-12-10,3.12,2.9154167
2015-12-11,2.88,2.79125
2015-12-12,2.88,2.81375
2015-12-13,2.72,2.6033332
2015-12-14,2.69,2.6079166
2015-12-15,2.69,2.5658333
2015-12-16,2.64,2.56375
2015-12-17,2.48,2.1341667
2015-12-18,2.02,1.8754166
2015-12-19,1.59,1.5395833
2015-12-20,1.97,1.7541666
2015-12-21,2.07,1.9966667
2015-12-22,2.32,2.19625
2015-12-23,2.32,2.2583332
2015-12-24,2.16,2.0625
2015-12-25,1.94,1.8579167
2015-12-26,2.18,1.7954167
2015-12-27,1.83,1.7220833
2015-12-28,1.81,1.7283334
2015-12-29,1.97,1.8895833
2015-12-30,1.97,1.88125
2015-12-31,2.29,2.02
2016-01-01,2.34,2.2979167
2016-01-02,2.56,2.4358332
2016-01-03,2.53,2.3675
2016-01-04,2.32,2.0183334
2016-01-05,1.89,1.8079166
2016-01-06,1.89,1.8341666
2016-01-07,2.05,1.92125
2016-01-08,2.1,1.9862499
2016-01-09,2.13,2.05125
2016-01-10,2.72,2.2791667
2016-01-11,4.9,3.0204167
2016-01-12,3.33,3.20625
2016-01-13,3.49,3.3966668
2016-01-14,3.7,3.5891666
2016-01-15,3.72,3.41375
2016-01-16,2.96,2.8220832
2016-01-17,2.8,2.73
2016-01-18,3.12,2.9770834
2016-01-19,3.27,3.1083333
2016-01-20,3.2,3.1391668
2016-01-21,4.71,3.4370832
2016-01-22,3.72,3.5925
2016-01-23,3.75,3.6375
2016-01-24,3.67,3.63625
2016-01-25,3.78,3.6575
2016-01-26,4.12,3.9754167
2016-01-27,4.3,4.1454167
2016-01-28,4.3,4.2345834
2016-01-29,4.22,4.0445833
2016-01-30,3.8,3.6283333
2016-01-31,3.43,3.2370832
2016-02-01,3.27,3.07125
2016-02-02,3.3,3.0525
2016-02-03,3.14,3.0633333
2016-02-04,3.35,3.1820834
2016-02-05,3.09,2.8870833
2016-02-06,2.93,2.7154167
2016-02-07,3.17,2.855
2016-02-08,3.7,3.2716668
2016-02-09,3.85,3.6454167
2016-02-10,4.64,4.2191668
2016-02-11,4.95,4.741667
2016-02-12,5.18,4.9954166
2016-02-13,5.15,4.9766665
2016-02-14,5.02,4.880417
2016-02-15,4.95,4.7408333
2016-02-16,4.51,4.2258334
2016-02-17,3.91,3.5887501
2016-02-18,3.7,3.3970833
2016-02-19,3.35,3.155
2016-02-20,3.51,3.0895834
2016-02-21,3.83,3.5729167
2016-02-22,3.64,3.3416667
2016-02-23,3.33,3.1070833
2016-02-24,3.72,3.395
2016-02-25,4.45,4.06125
2016-02-26,5.05,4.767083
2016-02-27,4.84,4.6658335
2016-02-28,4.71,4.5620832
2016-02-29,4.71,4.2745833
2016-03-01,4.58,4.04125
2016-03-02,4.19,3.6145833
2016-03-03,3.46,3.0708332
2016-03-04,4.14,3.4895833
2016-03-05,4.71,4.05
2016-03-06,4.69,4.3391666
2016-03-07,5.23,4.64875
2016-03-08,5.18,4.8358335
2016-03-09,5.31,4.516667
2016-03-10,5.59,4.53125
2016-03-11,5.9,5.21125
2016-03-12,6.15,5.4416666
2016-03-13,6.18,5.5291305
2016-03-14,5.92,5.3650002
2016-03-15,5.44,5.02625
2016-03-16,4.9,4.53125
2016-03-17,5.26,4.7325
2016-03-18,5.87,5.0333333
2016-03-19,5.95,5.545
2016-03-20,7.62,6.48
2016-03-21,7.59,7.130833
2016-03-22,8.74,7.757917
2016-03-23,7.95,7.5516667
2016-03-24,9.14,7.6966667
2016-03-25,7.85,7.4583335
2016-03-26,7.75,7.3112497
2016-03-27,7.47,7.1549997
2016-03-28,7.04,6.9308333
2016-03-29,6.61,6.190833
2016-03-30,7.24,6.39875
2016-03-31,8.52,7.4083333
2016-04-01,8.1,7.770833
2016-04-02,9.02,8.035
2016-04-03,9.14,8.293333
2016-04-04,8.74,8.4695835
2016-04-05,8.57,8.244583
2016-04-06,8.3,7.9641666
2016-04-07,7.9,7.52125
2016-04-08,8.44,7.9420834
2016-04-09,9.31,8.579166
2016-04-10,9.76,9.009583
2016-04-11,9.95,9.37625
2016-04-12,9.98,9.439167
2016-04-13,9.58,9.0825
2016-04-14,9.34,9.010417
2016-04-15,9.21,8.924583
2016-04-16,9.76,9.066667
2016-04-17,9.53,9.2175
2016-04-18,10.17,9.394167
2016-04-19,10.86,9.855
2016-04-20,12.53,10.730416
2016-04-21,11.73,11.3275
2016-04-22,14.1,12.276667
2016-04-23,13.23,12.759167
2016-04-24,12.61,11.990417
2016-04-25,11.98,11.653334
2016-04-26,11.37,10.874583
2016-04-27,11.03,10.378333
2016-04-28,10.44,10.229167
2016-04-29,11.76,10.465417
2016-04-30,10.81,10.237917
2016-05-01,9.93,9.7491665
2016-05-02,10.79,9.905833
2016-05-03,11.83,10.658334
2016-05-04,12.56,11.511666
2016-05-05,11.71,10.607917
2016-05-06,10.03,9.579166
2016-05-07,10.42,9.700833
2016-05-08,10.47,10.170834
2016-05-09,10.71,10.474167
2016-05-10,11.9,11.04875
2016-05-11,15.29,12.995417
2016-05-12,16.96,14.777917
2016-05-13,19.08,16.39875
2016-05-14,20.1,17.36375
2016-05-15,17.51,16.285418
2016-05-16,16.58,15.470417
2016-05-17,15.2,14.423333
2016-05-18,14.51,13.69375
2016-05-19,15.39,13.960834
2016-05-20,16.06,15.03375
2016-05-21,15.87,15.195833
2016-05-22,15.01,14.660833
2016-05-23,14.46,14.01125
2016-05-24,15.03,13.816667
2016-05-25,15.06,13.99875
2016-05-26,13.71,13.420417
2016-05-27,15.84,13.935833
2016-05-28,17.2,14.997084
2016-05-29,16.51,15.145
2016-05-30,15.15,14.808333
2016-05-31,14.96,14.24375
2016-06-01,14.03,13.678333
2016-06-02,15.7,14.382084
2016-06-03,15.27,14.713333
2016-06-04,14.77,14.187917
2016-06-05,14.41,13.815416
2016-06-06,13.76,13.3741665
2016-06-07,14.96,14.077917
2016-06-08,16.32,15.1375
2016-06-09,18.37,16.94375
2016-06-10,19.51,18.0425
2016-06-11,18.18,17.166666
2016-06-12,16.27,15.887083
2016-06-13,18.06,16.141666
2016-06-14,18.53,16.454584
2016-06-15,20.96,17.959167
2016-06-16,21.82,19.229166
2016-06-17,18.89,17.9025
2016-06-18,19.72,17.485416
2016-06-19,18.82,17.15875
2016-06-20,16.92,16.318333
2016-06-21,17.01,16.16875
2016-06-22,21.08,17.749584
2016-06-23,18.44,17.472084
2016-06-24,16.99,16.525
2016-06-25,16.2,15.935833
2016-06-26,15.72,15.356667
2016-06-27,16.23,15.485
2016-06-28,18.72,16.913334
2016-06-29,18.87,17.691668
2016-06-30,18.15,17.482082
2016-07-01,17.34,16.918333
2016-07-02,17.63,16.608334
2016-07-03,18.25,17.272501
2016-07-04,18.65,17.790833
2016-07-05,19.7,18.445417
2016-07-06,19.48,18.509167
2016-07-07,20.6,19.0925
2016-07-08,21.13,19.51875
2016-07-09,21.22,19.670834
2016-07-10,19.18,18.450417
2016-07-11,18.94,17.934166
2016-07-12,19.91,17.962917
2016-07-13,18.08,17.635834
2016-07-14,20.06,18.207916
2016-07-15,18.22,17.564167
2016-07-16,18.25,17.225416
2016-07-17,18.7,17.290833
2016-07-18,22.01,18.857916
2016-07-19,19.06,18.042917
2016-07-20,18.13,17.335417
2016-07-21,17.27,16.930834
2016-07-22,16.63,16.275417
2016-07-23,16.46,15.823334
2016-07-24,16.15,15.99125
2016-07-25,16.73,16.254166
2016-07-26,16.56,16.351667
2016-07-27,16.32,16.178333
2016-07-28,16.63,16.260834
2016-07-29,16.3,16.143333
2016-07-30,16.53,16.279167
2016-07-31,16.82,16.524584
2016-08-01,17.42,16.837917
2016-08-02,17.92,17.24375
2016-08-03,17.84,17.450417
2016-08-04,17.72,17.262083
2016-08-05,17.56,17.2125
2016-08-06,17.92,17.40375
2016-08-07,17.72,17.462084
2016-08-08,17.37,17.11125
2016-08-09,17.34,17.100834
2016-08-10,17.18,16.830833
2016-08-11,17.08,16.751667
2016-08-12,17.11,16.88875
2016-08-13,16.96,16.7825
2016-08-14,16.65,16.35875
2016-08-15,16.03,15.88125
2016-08-16,16.63,16.04875
2016-08-17,17.27,16.691668
2016-08-18,17.06,16.7625
2016-08-19,16.84,16.496666
2016-08-20,17.06,16.509167
2016-08-21,17.34,16.808332
2016-08-22,17.82,17.244167
2016-08-23,17.87,17.397083
2016-08-24,17.39,17.212084
2016-08-25,17.06,16.835417
2016-08-26,16.73,16.462917
2016-08-27,17.65,16.96
2016-08-28,17.63,17.282084
2016-08-29,17.42,16.930416
2016-08-30,16.34,15.84125
2016-08-31,17.01,15.749583
2016-09-01,16.42,15.47875
2016-09-02,16.92,16.0125
2016-09-03,17.34,15.97875
2016-09-04,17.63,16.449167
2016-09-05,16.15,15.7625
2016-09-06,16.13,15.680834
2016-09-07,15.87,15.598333
2017-06-09,11.69,10.43625
2017-06-10,10.15,9.912084
2017-06-11,9.53,9.296667
2017-06-12,10.12,9.23125
2017-06-13,9.98,9.09375
2017-06-14,12.82,10.440833
2017-06-15,11.05,10.04875
2017-06-16,10.3,9.43
2017-06-17,12.15,9.744166
2017-06-18,14.91,11.575833
2017-06-19,12.85,12.149167
2017-06-20,12.22,10.839167
2017-06-21,12.61,11.465834
2017-06-22,13.33,11.82125
2017-06-23,13.83,11.200833
2017-06-24,13.57,12.9725
2017-06-25,12.53,11.733749
2017-06-26,11.78,11.697916
2017-06-27,16.44,12.03
2017-06-28,13.23,11.909583
2017-06-29,12.75,11.967083
2017-06-30,13.55,12.2325
2017-07-01,14.72,13.427083
2017-07-02,14.67,14.455
2017-07-03,15.32,14.610416
2017-07-04,15.8,15.134583
2017-07-05,17.03,16.055416
2017-07-06,17.68,17.004583
2017-07-07,17.89,17.185417
2017-07-08,17.23,16.850416
2017-07-09,16.63,16.17625
2017-07-10,17.39,16.437916
2017-07-11,16.89,16.32875
2017-07-12,16.63,16.087084
2017-07-13,16.56,16.09
2017-07-14,16.65,16.25125
2017-07-15,16.32,16.04125
2017-07-16,15.89,15.654583
2017-07-17,16.34,15.824583
2017-07-18,16.32,16.075
2017-07-19,16.99,16.419167
2017-07-20,16.77,16.517916
2017-07-21,16.87,16.500834
2017-07-22,16.32,16.10375
2017-07-23,16.7,16.28375
2017-07-24,16.82,16.330833
2017-07-25,16.82,16.515417
2017-07-26,17.15,16.674166
2017-07-27,17.27,16.710417
2017-07-28,17.11,16.50625
2017-07-29,16.99,16.369167
2017-07-30,16.75,16.165
2017-07-31,17.82,16.775833
2017-08-01,18.44,17.510834
2017-08-02,19.39,18.3025
2017-08-03,19.27,18.787083
2017-08-04,20.39,19.054167
2017-08-05,21.89,19.992083
2017-08-06,20.06,19.43125
2017-08-07,20.41,19.119167
2017-08-08,21.27,19.463333
2017-08-09,20.82,19.25375
2017-08-10,20.91,19.460417
2017-08-11,18.94,18.37875
2017-08-12,18.32,17.793333
2017-08-13,17.53,17.1
2017-08-14,19.08,17.312916
2017-08-15,17.3,17.043333
2017-08-16,16.68,16.522917
2017-08-17,16.32,15.615417
2017-08-18,16.73,16.082916
2017-08-19,16.39,15.926666
2017-08-20,15.72,15.5225
2017-08-21,15.61,15.424583
2017-08-22,16.11,15.589167
2017-08-23,16.3,15.6275
2017-08-24,15.68,15.425417
2017-08-25,15.27,14.992084
2017-08-26,15.08,14.737083
2017-08-27,15.29,14.834167
2017-08-28,15.06,14.889167
2017-08-29,16.08,15.207084
2017-08-30,15.7,15.485416
2017-08-31,15.03,14.786667
2017-09-01,15.2,14.773334
2017-09-02,15.49,14.956667
2017-09-03,14.98,14.549583
2017-09-04,14.29,14.185833
2017-09-05,15.96,15.02
2017-09-06,15.75,15.467083
2017-09-07,15.72,15.25875
2017-09-08,15.18,14.364583
2017-09-09,14.19,14.019583
2017-09-10,14.63,14.180833
2017-09-11,14.29,13.964583
2017-09-12,14.41,14.023334
2017-09-13,14.15,13.965417
2017-09-14,14.36,13.9325
2017-09-15,14,13.837083
2017-09-16,13.5,13.1575
2017-09-17,12.85,12.534583
2017-09-18,12.58,12.285833
2017-09-19,13.04,12.48875
2017-09-20,13.28,12.529583
2017-09-21,13.16,12.865
2017-09-22,12.97,12.731667
2017-09-23,13.26,13.0075
2017-09-24,13.43,13.198334
2017-09-25,13.43,13.065833
2017-09-26,13.09,12.926666
2017-09-27,13.02,12.965834
2017-09-28,13.4,12.94125
2017-09-29,12.99,12.647083
2017-09-30,12.97,12.7025
2017-10-01,12.9,12.541667
2017-10-02,12.05,11.7025
2017-10-03,11.47,11.08375
2017-10-04,10.88,10.790833
2017-10-05,11.05,10.893333
2017-10-06,10.81,10.729167
2017-10-07,10.88,10.556666
2017-10-08,10.61,10.5575
2017-10-09,10.37,10.150833
2017-10-10,9.76,9.425417
2017-10-11,9.71,9.285417
2017-10-12,8.99,8.60125
2017-10-13,8.39,8.137083
2017-10-14,8.44,8.172916
2017-10-15,8.74,8.487083
2017-10-16,8.79,8.635417
2017-10-17,8.62,8.371667
2017-10-18,8.22,7.88625
2017-10-19,7.65,7.4791665
2017-10-20,7.49,7.3504167
2017-10-21,7.17,6.7395835
2017-10-22,6.94,6.6004167
2017-10-23,6.89,6.738333
2017-10-24,6.76,6.6329165
2017-10-25,6.48,6.2854166
2017-10-26,6.84,6.5233335
2017-10-27,7.95,7.65
2017-10-28,7.72,7.602083
2017-10-29,7.37,6.9787498
2017-10-30,7.34,7.165
2017-10-31,7.65,7.4620833
2017-11-01,7.19,6.6954165
2017-11-02,6,5.45375
2017-11-03,5.02,4.8970833
2017-11-04,4.38,3.9366667
2017-11-05,3.83,3.1824
2017-11-06,3.27,2.8616667
2017-11-07,3.27,2.5395653
2018-03-09,1.21,1.21
2018-03-10,1.43,1.2970834
2018-03-11,1.34,1.2765218
2018-03-12,1.29,1.19875
2018-03-13,1.45,1.3295834
2018-03-14,1.72,1.5533333
2018-03-15,1.94,1.7095833
2018-03-16,2.13,1.9233333
2018-03-17,2.48,2.18
2018-03-18,2.8,2.4229167
2018-03-19,2.56,2.4820833
2018-03-20,2.42,2.2620833
2018-03-21,2.77,2.36625
2018-03-22,2.66,2.2575
2018-03-23,3.17,2.36375
2018-03-24,3.54,2.655
2018-03-25,3.59,2.8266666
2018-03-26,2.42,2.0654166
2018-03-27,3.04,2.4258332
2018-03-28,4.25,3.1645832
2018-03-29,4.56,3.62625
2018-03-30,5.31,4.133333
2018-03-31,5.23,4.2833333
2018-04-01,5.28,4.1150002
2018-04-02,4.58,3.7779167
2018-04-03,5.1,3.7762501
2018-04-04,5,3.7408333
2018-04-05,5.31,3.9266667
2018-04-06,5.51,4.64
2018-04-07,8,5.7904167
2018-04-08,8.17,6.7316666
2018-04-09,8.79,7.405
2018-04-10,7.95,7.596667
2018-04-11,9.63,8.055417
2018-04-12,9.53,8.797916
2018-04-13,9.31,8.467083
2018-04-14,11.52,9.382083
2018-04-15,9.68,9.057917
2018-04-16,11.3,9.327917
2018-04-17,11.05,9.205
2018-04-18,9.31,8.989166
2018-04-19,8.34,7.84875
2018-04-20,8.54,7.54875
2018-04-21,8.25,7.4641666
2018-04-22,7.97,7.471667
2018-04-23,7.09,6.7395835
2018-04-24,7.02,6.68125
2018-04-25,6.97,6.8204165
2018-04-26,7.09,6.82125
2018-04-27,7.9,7.2629166
2018-04-28,9.51,8.31125
2018-04-29,10.3,9.326667
2018-04-30,9.71,9.372499
2018-05-01,9.11,8.7820835
2018-05-02,8.69,8.09125
2018-05-03,8.22,7.9554167
2018-05-04,8.22,8.0320835
2018-05-05,8.1,7.8970833
2018-05-06,9.53,8.149584
2018-05-07,11.64,10.0008335
2018-05-08,12.58,11.285833
2018-05-09,12.8,12.205833
2018-05-10,14.51,12.937917
2018-05-11,13.35,12.359583
2018-05-12,11.57,11.2075
2018-05-13,10.61,10.41375
2018-05-14,10.76,10.327084
2018-05-15,10.96,10.387083
2018-05-16,12.22,11.369166
2018-05-17,15.77,13.582916
2018-05-18,15.46,14.404167
2018-05-19,17.34,15.052917
2018-05-20,15.01,14.14875
2018-05-21,13.09,12.545
2018-05-22,13.11,12.402917
2018-05-23,14.48,13.25
2018-05-24,14.51,13.866667
2018-05-25,13.33,13.08875
2018-05-26,12.94,12.219167
2018-05-27,13.14,11.8225
2018-05-28,12.46,12.075
2018-05-29,12.65,11.962084
2018-05-30,14.55,13.202917
2018-05-31,16.03,14.288333
2018-06-01,16.01,14.835
2018-06-02,16.11,14.82125
2018-06-03,16.53,14.949167
2018-06-04,14.75,14.36
2018-06-05,16.75,14.654166
2018-06-06,14.84,14.326667
2018-06-07,16.3,14.366667
2018-06-08,17.3,14.93875
2018-06-09,16.03,14.41375
2018-06-10,14.77,14.338333
2018-06-11,14.43,14.09125
2018-06-12,15.92,14.770833
2018-06-13,15.65,15.413333
2018-06-14,15.8,14.98625
2018-06-15,15.77,15.052917
2018-06-16,15.13,14.7375
2018-06-17,14.89,14.5725
2018-06-18,17.34,15.730416
2018-06-19,19.1,17.695417
2018-06-20,19.87,18.6625
2018-06-21,18.87,18.22
2018-06-22,18.06,17.373333
2018-06-23,17.84,16.719166
2018-06-24,18.7,16.535833
2018-06-25,17.39,15.292916
2018-06-26,17.18,14.319167
2018-06-27,17.27,15.051666
2018-06-28,17.96,16.42125
2018-06-29,16.89,16.254583
2018-06-30,17.63,16.62125
2018-07-01,17.53,16.880001
2018-07-02,16.87,16.59
2018-07-03,20.39,17.785418
2018-07-04,22.15,19.227917
2018-07-05,21.68,19.495417
2018-07-06,19.72,18.762083
2018-07-07,18.06,17.625834
2018-07-08,18.94,17.187084
2018-07-09,17.92,16.95125
2018-07-10,16.39,15.310833
2018-07-11,16.65,15.862917
2018-07-12,17.08,16.3325
2018-07-13,17.89,16.92625
2018-07-14,17.44,17.2075
2018-07-15,16.73,16.1425
2018-07-16,16.34,15.705417
2018-07-17,17.25,16.478333
2018-07-18,17.75,17.272917
2018-07-19,17.34,16.9925
2018-07-20,17.2,16.593334
2018-07-21,17.87,16.764584
2018-07-22,19.29,17.685
2018-07-23,20.48,18.579584
2018-07-24,20.77,19.025417
2018-07-25,20.27,18.982082
2018-07-26,19.65,18.932083
2018-07-27,19.29,18.65375
2018-07-28,19.48,18.265
2018-07-29,18.01,17.619167
2018-07-30,18.91,17.52875
2018-07-31,18.99,17.557083
2018-08-01,17.44,17.043333
2018-08-02,17.63,16.914999
2018-08-03,16.99,16.571667
2018-08-04,18.46,17.104166
2018-08-05,20.7,17.91625
2018-08-06,18.01,17.376667
2018-08-07,17.87,17.020416
2018-08-08,16.63,15.867917
2018-08-09,15.65,15.322083
2018-08-10,16.63,15.89875
2018-08-11,17.11,16.565416
2018-08-12,17.11,16.957083
2018-08-13,17.01,16.4875
2018-08-14,15.96,15.555834
2018-08-15,16.01,15.742917
2018-08-16,16.82,16.115
2018-08-17,17.23,16.550417
2018-08-18,17.44,16.7075
2018-08-19,17.75,16.721666
2018-08-20,18.34,17.245417
2018-08-21,17.51,17.171667
2018-08-22,17.01,16.690834
2018-08-23,16.87,16.623333
2018-08-24,16.58,16.362083
2018-08-25,16.44,16.21125
2018-08-26,16.82,16.346666
2018-08-27,16.61,16.450417
2018-08-28,16.49,16.124166
2018-08-29,16.82,16.23875
2018-08-30,16.77,16.57
2018-08-31,16.37,16.13625
2018-09-01,15.92,15.594167
2018-09-02,15.61,15.128333
2018-09-03,16.44,15.779583
2018-09-04,16.82,15.97875
2018-09-05,16.63,15.868333
2018-09-06,16.58,15.6675005
2018-09-07,15.41,15.120417
2018-09-08,15.37,14.869583
2018-09-09,14.7,14.413636
2019-07-01,19.46,16.79625
2019-07-02,18.41,17.85
2019-07-03,21.22,18.4575
2019-07-04,22.47,19.407084
2019-07-05,22.87,19.918333
2019-07-06,23.23,20.093334
2019-07-07,22.82,19.855833
2019-07-08,19.15,18.4525
2019-07-09,18.82,17.859583
2019-07-10,22.06,18.209583
2019-07-11,18.32,17.6025
2019-07-12,18.91,17.427084
2019-07-13,19.13,17.62875
2019-07-14,19.82,17.8175
2019-07-15,21.06,18.3825
2019-07-16,18.18,17.28875
2019-07-17,18.94,17.370417
2019-07-18,17.34,16.987917
2019-07-19,18.13,17.38625
2019-07-20,17.94,17.52625
2019-07-21,19.13,17.972918
2019-07-22,20.39,18.819166
2019-07-23,20.87,19.712084
2019-07-24,19.77,19.104584
2019-07-25,18.51,18.21625
2019-07-26,18.79,18.045416
2019-07-27,18.11,17.778334
2019-07-28,17.72,17.3125
2019-07-29,17.61,17.362917
2019-07-30,18.25,17.597084
2019-07-31,18.89,18.203333
2019-08-01,19.03,18.695833
2019-08-02,19.32,18.54
2019-08-03,19.94,18.75125
2019-08-04,19.67,19.05625
2019-08-05,20.25,19.242916
2019-08-06,19.65,19.032917
2019-08-07,21.8,19.775417
2019-08-08,22.35,20.374582
2019-08-09,22.3,20.341667
2019-08-10,22.23,20.143333
2019-08-11,22.11,20.21375
2019-08-12,22.3,20.281666
2019-08-13,19.72,19.10375
2019-08-14,18.87,18.43125
2019-08-15,19.94,18.52125
2019-08-16,20.29,18.80875
2019-08-17,18.77,17.885
2019-08-18,17.89,15.774584
2019-08-19,16.89,14.901667
2019-08-20,16.87,15.03625
2019-08-21,17.18,15.127084
2019-08-22,15.25,14.599167
2019-08-23,14.43,14.0925
2019-08-24,15.51,14.685833
2019-08-25,16.15,15.322917
2019-08-26,15.15,14.784166
2019-08-27,14.75,14.484167
2019-08-28,15.82,15.01625
2019-08-29,16.73,15.845833
2019-08-30,17.15,16.276667
2019-08-31,17.18,16.414583
2019-09-01,17.27,16.562916
2019-09-02,16.56,16.152084
2019-09-03,16.77,16.2025
2019-09-04,17.51,16.87125
2019-09-05,17.46,16.94
2019-09-06,17.65,16.92625
2019-09-07,17.77,17.10625
2019-09-08,18.03,17.049166
2019-09-09,17.18,16.536667
2019-09-10,16.37,16.133
2021-08-27,15.935,15.74676923076923
2021-08-28,15.323,15.003416666666666
2021-08-29,15.742,15.171375
2021-08-30,16.332,15.751
2021-08-31,16.803,16.261791666666667
2021-09-01,16.75,16.490708333333334
2021-09-02,16.374,16.014625
2021-09-03,15.667,15.401125
2021-09-04,15.613,15.330125
2021-09-05,15.624,15.448083333333331
2021-09-06,16.203,15.671541666666666
2021-09-07,15.817,15.392791666666668
2021-09-08,15.559,15.121833333333331
2021-09-09,15.634,15.307708333333334
2021-09-10,15.109,14.483375
2021-09-11,13.961,13.768291666666666
2021-09-12,14.315,13.964916666666667
2021-09-13,14.144,13.909416666666669
2021-09-14,13.65,13.37
2021-09-15,13.329,13.07725
2021-09-16,13.232,12.79225
2021-09-17,12.224,11.828833333333334
2021-09-18,12.17,11.692083333333333
2021-09-19,12.932,12.326666666666666
2021-09-20,12.728,12.34225
2021-09-21,12.224,12.094708333333331
2021-09-22,11.773,11.29125
2021-09-23,11.173,10.962416666666666
2021-09-24,11.645,11.345291666666666
2021-09-25,11.312,11.085666666666668
2021-09-26,11.237,10.875208333333331
2021-09-27,10.905,10.795625
2021-09-28,11.023,10.570416666666668
2021-09-29,10.347,9.811625
2021-09-30,9.918,9.615291666666668
2021-10-01,9.521,9.43975
2021-10-02,9.221,9.057291666666666
2021-10-03,9.167,8.272041666666667
2021-10-04,8.931,8.192875
2021-10-05,7.548,5.399
2021-10-06,7.473,5.095208333333334
2021-10-07,6.861,6.087833333333333
2021-10-08,7.794,6.73475
2021-10-09,7.087,6.284416666666667
2021-10-10,8.384,6.4235
2021-10-11,6.786,6.164125
2021-10-12,7.237,6.426916666666667
2021-10-13,7.88,6.941208333333333
2021-10-14,6.861,5.90225
2021-10-15,6.368,4.259291666666667
2021-10-16,6.818,2.624458333333333
2021-10-17,3.923,1.631541666666667
2021-10-18,6.153,4.7519583333333335
2021-10-19,7.054,6.16325
2021-10-20,9.232,7.407458333333333
2021-10-21,7.612,6.980708333333333
2021-10-22,8.717,7.4565
2021-10-23,7.194,6.5127500000000005
2021-10-24,7.258,5.340125
2021-10-25,6.829,5.0320833333333335
2021-10-26,6.904,6.1065
2021-10-27,6.54,5.676166666666667
2021-10-28,4.984,3.4752083333333332
2021-10-29,4.534,3.5150416666666664
2021-10-30,5.993,4.989416666666667
2021-10-31,6.411,5.047875
2021-11-01,8.502,6.822333333333333
2021-11-02,8.363,7.489541666666667
2021-11-03,6.765,5.97875
2021-11-04,4.963,2.963125
2021-11-05,6.25,4.859208333333333
2021-11-06,5.424,4.1725
2021-11-07,2.496,1.034625
2021-11-08,4.277,2.5122916666666666
2021-11-09,2.603,2.1185416666666668
2021-11-10,3.579,1.7695416666666666
2021-11-11,3.665,2.708875
2021-11-12,6.808,4.230458333333333
2021-11-13,3.515,2.329875
2021-11-14,2.249,1.7990416666666669
2021-11-15,1.574,0.6175
2021-11-16,5.746,2.3809583333333335
2021-11-17,4.523,3.537333333333333
2021-11-18,1.338,0.13445833333333335
2021-11-19,-0.153,-0.8885
2021-11-20,-0.035,-1.4010833333333332
2021-11-21,5.231,3.6155
2021-11-22,2.507,1.8375
2021-11-23,0.727,0.22833333333333333
2021-11-24,3.354,2.101583333333333
2021-11-25,3.322,2.1159583333333334
2021-11-26,0.373,0.03345833333333333
2021-11-27,1.005,0.43154166666666666
2021-11-28,0.201,-0.16858333333333334
2021-11-29,0.673,0.05616666666666667
2021-11-30,2.839,1.449625
2021-12-01,2.464,1.0594583333333334
2021-12-02,0.062,-0.21641666666666667
2021-12-03,-0.807,-2.248
2021-12-04,-1.601,-3.5210833333333333
2021-12-05,-0.239,-1.163
2021-12-06,-0.078,-0.211
2021-12-07,-0.056,-0.09091666666666666
2021-12-08,0.351,0.07770833333333334
2021-12-09,0.222,0.03791666666666667
2021-12-10,1.338,0.27466666666666667
2021-12-11,-0.024,-0.4040416666666667
2021-12-12,-0.636,-1.499083333333333
2021-12-13,-2.437,-3.0215
2021-12-14,-1.998,-2.887
2021-12-15,-1.74,-3.318125
2021-12-16,-1.204,-2.325083333333333
2021-12-17,-0.56,-0.7672916666666667
2021-12-18,-0.56,-2.899916666666667
2021-12-19,-2.169,-3.4567083333333333
2021-12-20,-0.131,-2.26125
2021-12-21,-0.024,-0.09979166666666668
2021-12-22,-0.539,-2.2630416666666666
2021-12-23,-2.041,-2.9771666666666667
2021-12-24,-3.049,-3.476875
2021-12-25,-4.325,-5.260666666666666
2021-12-26,-2.159,-4.503791666666666
2021-12-27,-1.311,-2.03875
2021-12-28,-0.657,-2.180375
2021-12-29,0.308,-0.50725
2021-12-30,-0.625,-2.0272083333333333
2021-12-31,-0.078,-0.3957083333333334
2022-01-01,-0.078,-0.08391666666666667
2022-01-02,-0.078,-0.4608333333333333
2022-01-03,-1.826,-2.619208333333334
2022-01-04,-3.51,-4.038458333333334
2022-01-05,-3.832,-4.22975
2022-01-06,-3.274,-3.7798333333333334
2022-01-07,-2.931,-3.841583333333334
2022-01-08,-3.177,-3.6782916666666665
2022-01-09,-0.089,-1.4372916666666666
2022-01-10,-0.067,-0.087375
2022-01-11,-0.056,-0.08208333333333333
2022-01-12,-0.067,-0.07845833333333334
2022-01-13,-0.067,-0.082
2022-01-14,-0.046,-0.07895833333333334
2022-01-15,-0.024,-0.06541666666666666
2022-01-16,-0.013,-0.06954166666666667
2022-01-17,-0.078,-0.3813333333333333
2022-01-18,-0.131,-0.5444583333333333
2022-01-19,0.029,-0.07883333333333334
2022-01-20,0.319,0.10004166666666668
2022-01-21,2.443,1.141625
2022-01-22,0.845,0.8060833333333334
2022-01-23,1.156,0.6502083333333333
2022-01-24,4.234,1.6050416666666667
2022-01-25,4.427,2.048
2022-01-26,1.874,0.6064583333333333
2022-01-27,4.159,2.4559166666666665
2022-01-28,4.77,3.788625
2022-01-29,2.947,1.175625
2022-01-30,0.308,-0.06941666666666667
2022-01-31,-0.453,-1.4805833333333334
2022-02-01,-1.847,-3.08225
2022-02-02,-0.078,-0.5881666666666666
2022-02-03,1.595,0.08658333333333333
2022-02-04,3.268,2.4840833333333334
2022-02-05,5.639,2.985125
2022-02-06,4.984,4.0601666666666665
2022-02-07,4.727,2.333041666666667
2022-02-08,5.403,5.071416666666667
2022-02-09,6.035,4.714416666666667
2022-02-10,1.724,0.311375
2022-02-11,5.135,2.178875
2022-02-12,5.049,3.683125
2022-02-13,2.85,1.379916666666667
2022-02-14,2.968,1.9653333333333336
2022-02-15,4.373,3.394791666666667
2022-02-16,5.306,4.282375
2022-02-17,4.062,3.5328333333333335
2022-02-18,5.07,3.901125
2022-02-19,3.783,2.77675
2022-02-20,2.443,0.7985
2022-02-21,-0.089,-1.5820416666666666
2022-02-22,-0.067,-0.7061666666666666
2022-02-23,-0.046,-0.11329166666666668
2022-02-24,0.029,-0.039
2022-02-25,1.252,0.72075
2022-02-26,3.118,2.14225
2022-02-27,3.268,3.038666666666667
2022-02-28,5.038,2.774541666666667
2022-03-01,4.427,3.182166666666667
2022-03-02,3.601,2.554708333333333
2022-03-03,2.711,0.7422083333333334
2022-03-04,2.657,0.3802916666666667
2022-03-05,4.931,3.73675
2022-03-06,4.813,3.5705
2022-03-07,3.343,1.188625
2022-03-08,3.751,1.207833333333333
2022-03-09,3.161,0.6875833333333333
2022-03-10,2.646,2.369291666666667
2022-03-11,3.258,2.3053333333333335
2022-03-12,4.094,3.02875
2022-03-13,3.622,2.256565217391304
2022-03-14,2.904,1.747291666666667
2022-03-15,5.07,3.7259583333333337
2022-03-16,4.094,3.741625
2022-03-17,4.673,3.3996666666666666
2022-03-18,5.199,3.215291666666667
2022-03-19,4.159,1.792
2022-03-20,2.132,1.2897083333333332
2022-03-21,4.555,3.372916666666667
2022-03-22,5.381,3.978916666666666
2022-03-23,4.931,3.3970833333333332
2022-03-24,4.813,3.699666666666667
2022-03-25,4.448,3.530666666666667
2022-03-26,4.995,1.8357083333333333
2022-03-27,5.435,2.455416666666667
2022-03-28,4.416,2.098
2022-03-29,3.343,3.0405
2022-03-30,4.888,4.00075
2022-03-31,4.727,3.5472083333333333
2022-04-01,4.598,3.4470833333333335
2022-04-02,4.652,3.209
2022-04-03,3.429,2.416166666666667
2022-04-04,5.628,2.71875
2022-04-05,4.405,2.736166666666666
2022-04-06,4.748,3.3550416666666667
2022-04-07,5.263,3.8528333333333338
2022-04-08,3.858,2.109541666666667
2022-04-09,3.944,1.5022083333333334
2022-04-10,5.96,1.4423333333333337
2022-04-11,3.215,0.6590833333333334
2022-04-12,4.405,1.1899583333333337
2022-04-13,6.025,1.9188333333333336
2022-04-14,6.507,1.3437083333333333
2022-04-15,5.102,1.3637916666666667
2022-04-16,6.025,3.464208333333333
2022-04-17,7.312,3.545875
2022-04-18,8.116,4.414666666666666
2022-04-19,10.776,6.106958333333333
2022-04-20,11.012,6.800083333333333
2022-04-21,11.076,4.880625
2022-04-22,8.931,4.2935
2022-04-23,7.88,6.238791666666667
2022-04-24,8.749,6.6235
2022-04-25,10.529,6.0296666666666665
2022-04-26,6.411,5.644833333333334
2022-04-27,5.488,4.807375
2022-04-28,9.038,5.314958333333333
2022-04-29,10.411,4.714416666666667
2022-04-30,14.133,6.5337499999999995
2022-05-01,8.545,6.76975
2022-05-02,6.422,5.319166666666667
2022-05-03,6.229,4.832958333333333
2022-05-04,5.735,4.529166666666667
2022-05-05,8.545,4.864541666666667
2022-05-06,9.457,5.062208333333333
2022-05-07,9.467,4.797583333333334
2022-05-08,13.607,6.412166666666667
2022-05-09,9.864,6.039916666666667
2022-05-10,8.256,5.691791666666667
2022-05-11,14.498,7.342041666666667
2022-05-12,16.45,8.125625
2022-05-13,13.865,7.799291666666667
2022-05-14,10.208,7.010541666666667
2022-05-15,15.163,8.194791666666667
2022-05-16,10.808,6.755875
2022-05-17,9.972,6.846958333333333
2022-05-18,14.658,9.32975
2022-05-19,18.884,9.471583333333331
2022-05-20,21.104,11.254166666666666
2022-05-21,24.633,11.985708333333331
2022-05-22,11.505,8.946875
2022-05-23,9.114,8.086125000000001
2022-05-24,13.404,8.249291666666666
2022-05-25,18.595,8.822625
2022-05-26,19.914,10.154416666666666
2022-05-27,25.555,12.122916666666669
2022-05-28,17.34,10.613791666666668
2022-05-29,15.688,10.351875
2022-05-30,20.171,11.465
2022-05-31,20.89,11.336708333333334
2022-06-01,24.268,13.7955
2022-06-02,20.032,11.712583333333331
2022-06-03,23.399,14.57525
2022-06-04,13.843,11.038708333333334
2022-06-05,18.369,12.566083333333331
2022-06-06,13.811,11.525833333333331
2022-06-07,21.254,12.613
2022-06-08,16.256,12.855708333333332
2022-06-09,19.109,13.571625
2022-06-10,12.277,11.174958333333333
2022-06-11,13.929,9.927291666666669
2022-06-12,11.055,9.832958333333334
2022-06-13,11.602,10.332791666666669
2022-06-14,11.205,10.208
2022-06-15,24.601,12.895083333333334
2022-06-16,26.617,15.196583333333333
2022-06-17,13.414,12.371166666666667
2022-06-18,12.942,11.645541666666666
2022-06-19,12.095,10.318708333333332
2022-06-20,11.655,9.735666666666669
2022-06-21,9.628,9.118875
2022-06-22,11.977,10.334416666666666
2022-06-23,13.972,12.053541666666666
2022-06-24,19.163,13.135833333333334
2022-06-25,25.083,14.992666666666668
2022-06-26,22.713,14.693708333333332
2022-06-27,24.354,15.347541666666666
2022-06-28,21.834,17.88129411764706
2022-06-29,19.324,18.409083333333335
2022-06-30,17.855,17.41825
2022-07-01,17.458,16.934958333333334
2022-07-02,21.758,18.485916666666668
2022-07-03,21.791,19.082583333333332
2022-07-04,22.552,19.78325
2022-07-05,19.335,18.31125
2022-07-06,19.238,17.853583333333333
2022-07-07,18.477,17.617583333333332
2022-07-08,17.383,16.728875
2022-07-09,17.372,16.456666666666667
2022-07-10,16.106,15.565958333333334
2022-07-11,15.077,14.452958333333331
2022-07-12,15.903,15.293083333333334
2022-07-13,16.053,15.713625
2022-07-14,17.082,16.196666666666665
2022-07-15,18.337,17.082791666666665
2022-07-16,17.683,17.169958333333334
2022-07-17,16.943,16.013416666666668
2022-07-18,16.171,15.942458333333333
2022-07-19,15.892,15.753333333333334
2022-07-20,15.645,15.368458333333333
2022-07-21,16.01,15.431291666666668
2022-07-22,15.795,15.39525
2022-07-23,14.916,14.844875
2022-07-24,14.894,14.710708333333333
2022-07-25,15.334,15.003375
2022-07-26,15.87,15.428958333333334
2022-07-27,16.417,15.92225
2022-07-28,16.31,15.979833333333334
2022-07-29,16.085,15.793541666666666
2022-07-30,16.707,16.331583333333334
2022-07-31,16.814,16.585
2022-08-01,16.621,16.445916666666665
2022-08-02,16.214,15.920875
2022-08-03,16.632,16.033916666666666
2022-08-04,17.211,16.868666666666666
2022-08-05,17.05,16.412458333333333
2022-08-06,15.356,14.834916666666668
2022-08-07,15.227,14.696875
2022-08-08,15.72,15.20975
2022-08-09,15.731,15.546291666666669
2022-08-10,15.699,15.487
2022-08-11,16.16,15.798875
2022-08-12,16.964,16.418208333333332
2022-08-13,16.761,16.615333333333332
2022-08-14,16.492,16.344916666666666
2022-08-15,16.289,16.005416666666665
2022-08-16,15.935,15.743458333333333
2022-08-17,15.677,15.207583333333334
2022-08-18,16.396,15.384083333333333
2022-08-19,17.254,16.576
2022-08-20,18.616,17.75883333333333
2022-08-21,19.142,18.421583333333334
2022-08-22,18.509,18.139125
2022-08-23,17.919,17.720458333333333
2022-08-24,18.412,17.870041666666665
2022-08-25,17.983,17.628
2022-08-26,17.49,17.218583333333335
2022-08-27,17.136,16.863291666666665
2022-08-28,16.954,16.7105
2022-08-29,16.857,16.504666666666665
2022-08-30,16.557,16.18675
2022-08-31,16.557,16.020083333333332
2022-09-01,16.525,16.152833333333334
2022-09-02,15.72,15.295625
2022-09-03,15.892,15.212
2022-09-04,15.613,15.224208333333332
2022-09-05,15.205,14.779541666666669
2022-09-06,14.487,14.025708333333334
2022-09-07,14.294,13.864375
2022-09-08,14.594,14.291125
2022-09-09,14.422,14.292052631578947
2022-09-10,14.519,14.009125
2022-09-11,14.594,14.100291666666667
2022-09-12,14.24,13.925541666666668
2022-09-13,14.004,13.861666666666666
2022-09-14,13.715,13.319166666666666
2022-09-15,13.393,13.077375
2022-09-16,14.047,13.391958333333331
2022-09-17,13.897,13.368791666666668
2022-09-18,13.993,13.585041666666667
2022-09-19,14.101,13.630208333333334
2022-09-20,13.94,13.784291666666666
2022-09-21,14.047,13.807208333333334
2022-09-22,13.629,13.0015
2022-09-23,12.932,12.18675
2022-09-24,12.438,12.273875
2022-09-25,12.696,12.502166666666668
2022-09-26,12.921,12.5005
2022-09-27,12.631,12.406083333333331
2022-09-28,12.524,12.236916666666666
2022-09-29,12.621,12.023208333333333
2022-09-30,12.192,11.794791666666669
2022-10-01,12.449,12.154958333333331
2022-10-02,12.138,11.759958333333334
2022-10-03,11.827,11.109333333333334
2022-10-04,11.763,10.125708333333334
2022-10-05,13.597,12.484916666666669
2022-10-06,13.897,11.62725
2022-10-07,12.664,10.108458333333331
2022-10-08,12.932,12.053583333333334
2022-10-09,12.631,12.243041666666668
2022-10-10,11.891,11.25675
2022-10-11,11.43,11.1455
2022-10-12,11.312,11.112875
2022-10-13,11.891,11.578458333333334
2022-10-14,11.205,10.702708333333334
2022-10-15,11.173,10.707125
2022-10-16,11.355,11.198291666666666
2022-10-17,11.355,10.974375
2022-10-18,11.108,10.780916666666666
2022-10-19,10.637,10.4965
2022-10-20,10.218,10.038166666666667
2022-10-21,9.95,9.779875
2022-10-22,9.543,9.191375
2022-10-23,8.996,8.170291666666667
2022-10-24,7.044,5.9671666666666665
2022-10-25,5.778,4.496416666666667
2022-10-26,7.73,6.68475
2022-10-27,8.03,7.87625
2022-10-28,7.88,7.556125
2022-10-29,6.969,6.7804166666666665
2022-10-30,7.129,6.9238333333333335
2022-10-31,6.861,6.738291666666667
2022-11-01,6.54,6.1124583333333335
2022-11-02,5.435,4.913333333333333
2022-11-03,5.639,5.462125
2022-11-04,5.606,5.346791666666666
2022-11-05,5.124,3.98125
2022-11-06,2.249,-0.4639583333333333
2022-11-07,-0.11,-1.46225
2022-11-08,-0.142,-1.2477083333333334
2022-11-09,-0.089,-0.11175
2022-11-10,1.552,0.840875
2022-11-11,2.829,1.913
2022-11-12,4.48,2.955125
2022-11-13,4.706,3.821666666666667
2022-11-14,4.963,4.839291666666667
2022-11-15,4.995,4.890541666666667
2022-11-16,4.813,4.708708333333333
2022-11-17,4.405,3.848375
2022-11-18,3.687,2.63875
2022-11-19,4.877,4.281875
2022-11-20,6.025,5.171333333333333
2022-11-21,5.113,4.857458333333334
2022-11-22,4.995,4.930666666666666
2022-11-23,4.941,4.806958333333333
2022-11-24,4.77,4.314958333333333
2022-11-25,4.352,3.893125
2022-11-26,3.719,3.379125
2022-11-27,3.065,2.89525
2022-11-28,2.614,1.1654166666666663
2022-11-29,-2.234,-3.7931666666666666
2022-11-30,-4.014,-5.292166666666667
2022-12-01,-2.062,-2.6054166666666667
2022-12-02,-2.062,-3.4719583333333333
2022-12-03,-0.732,-3.3757916666666667
2022-12-04,-0.582,-2.1297916666666667
2022-12-05,0.029,-0.9697916666666666
2022-12-06,3.526,1.9904166666666667
2022-12-07,2.378,1.6420833333333331
2022-12-08,1.338,1.2847916666666668
2022-12-09,1.359,1.248125
2022-12-10,1.231,0.7028333333333333
2022-12-11,-0.657,-1.9502916666666668
2022-12-12,1.456,0.3704166666666666
2022-12-13,1.756,1.1480416666666666
2022-12-14,2.046,1.2432083333333332
2022-12-15,1.681,1.5706666666666669
2022-12-16,1.831,1.4584583333333334
2022-12-17,1.016,0.639875
2022-12-18,0.287,0.21929166666666663
2022-12-19,-0.003,-2.494583333333334
2022-12-20,-5.28,-5.957083333333333
2022-12-21,-4.69,-5.803333333333334
2022-12-22,-2.909,-3.971041666666667
2022-12-23,-0.185,-3.443791666666667
2022-12-24,0.383,-1.4770416666666666
2022-12-25,2.85,0.7042916666666666
2022-12-26,3.225,2.2303333333333333
2022-12-27,1.756,0.8923333333333333
2022-12-28,1.005,0.8852916666666667
2022-12-29,1.509,1.11475
2022-12-30,1.703,1.2239583333333333
2022-12-31,1.177,1.0813333333333333
2023-01-01,1.22,1.064875
2023-01-02,1.188,1.0698333333333334
2023-01-03,1.048,0.9745
2023-01-04,1.102,1.0487083333333334
2023-01-05,1.113,1.04025
2023-01-06,1.81,1.3056666666666668
2023-01-07,3.547,2.34425
2023-01-08,1.434,1.26775
2023-01-09,1.209,1.0564166666666666
2023-01-10,1.896,1.3089166666666667
2023-01-11,3.118,2.526625
2023-01-12,4.062,3.368875
2023-01-13,3.74,3.192041666666667
2023-01-14,3.354,2.940875
2023-01-15,3.547,3.134791666666666
2023-01-16,2.957,2.5279166666666666
2023-01-17,3.075,2.552
2023-01-18,1.713,1.4652916666666669
2023-01-19,2.389,1.7455
2023-01-20,2.679,2.352375
2023-01-21,2.389,2.3
2023-01-22,2.314,2.12575
2023-01-23,2.625,2.3068333333333335
2023-01-24,3.108,2.8345416666666665
2023-01-25,3.419,3.3358333333333334
2023-01-26,3.472,3.367125
2023-01-27,3.29,3.166875
2023-01-28,2.872,2.4742916666666668
2023-01-29,2.421,2.224458333333333
2023-01-30,2.4,2.3474583333333334
2023-01-31,2.464,2.3103333333333333
2023-02-01,2.443,2.217791666666667
2023-02-02,2.968,2.3527916666666666
2023-02-03,2.947,1.7261666666666666
2023-02-04,1.477,0.42
2023-02-05,2.603,1.5193333333333334
2023-02-06,2.893,2.48325
2023-02-07,2.561,2.3436666666666666
2023-02-08,2.335,2.169958333333333
2023-02-09,2.882,2.1452916666666666
2023-02-10,2.239,1.8731666666666664
2023-02-11,2.239,1.8771666666666669
2023-02-12,2.818,2.59275
2023-02-13,2.689,2.037166666666667
2023-02-14,1.917,1.7597916666666666
2023-02-15,1.649,1.484
2023-02-16,1.863,1.6900833333333334
2023-02-17,1.896,1.7869166666666667
2023-02-18,2.443,1.8879583333333336
2023-02-19,2.067,1.8910416666666667
2023-02-20,2.378,2.0756666666666668
2023-02-21,2.239,2.002291666666667
2023-02-22,1.906,1.2895833333333333
2023-02-23,-0.528,-2.4680416666666667
2023-02-24,-1.247,-1.953
2023-02-25,-0.732,-1.7951666666666666
2023-02-26,-1.676,-3.395958333333333
2023-02-27,-2.051,-4.3598333333333334
2023-02-28,-2.18,-4.714666666666667
2023-03-01,1.005,-0.30533333333333335
2023-03-02,1.445,1.273875
2023-03-03,1.349,1.102375
2023-03-04,0.265,-0.44483333333333336
2023-03-05,-1.901,-2.874375
2023-03-06,-0.636,-2.710916666666667
2023-03-07,-0.013,-1.497083333333333
2023-03-08,-0.636,-2.3225416666666665
2023-03-09,-0.357,-1.7929583333333334
2023-03-10,-0.325,-1.0400416666666668
2023-03-11,-0.678,-1.9395833333333337
2023-03-12,-0.657,-2.5754347826086956
2023-03-13,-0.013,-2.8463333333333334
2023-03-14,0.866,-0.8272916666666666
2023-03-15,1.627,0.122875
2023-03-16,3.955,3.00975
2023-03-17,2.292,2.0635416666666666
2023-03-18,2.464,2.2504166666666667
2023-03-19,2.539,2.2965416666666667
2023-03-20,2.968,2.605625
2023-03-21,3.258,2.92875
2023-03-22,2.979,2.755916666666667
2023-03-23,3.15,2.8345416666666665
2023-03-24,3.569,3.094125
2023-03-25,3.301,3.038666666666667
2023-03-26,3.612,2.7070833333333333
2023-03-27,4.598,2.9907916666666665
2023-03-28,4.234,2.661583333333333
2023-03-29,4.684,2.283541666666667
2023-03-30,4.062,2.5957083333333335
2023-03-31,4.352,3.238916666666667
2023-04-01,4.395,2.7438333333333333
2023-04-02,5.124,2.407125
2023-04-03,5.682,2.919375
2023-04-04,3.654,2.734916666666667
2023-04-05,3.805,3.2925
2023-04-06,4.588,3.966041666666667
2023-04-07,5.521,4.550375
2023-04-08,5.682,4.942291666666667
2023-04-09,5.21,4.528625
2023-04-10,5.639,4.679208333333333
2023-04-11,6.239,5.245791666666666
2023-04-12,5.821,5.613583333333334
2023-04-13,5.253,4.5670416666666664
2023-04-14,6.014,5.267333333333333
2023-04-15,6.25,5.623958333333333
2023-04-16,7.666,6.3965
2023-04-17,7.408,6.622208333333333
2023-04-18,9.06,6.784916666666667
2023-04-19,9.907,6.943958333333334
2023-04-20,12.535,7.779666666666667
2023-04-21,11.323,7.736333333333333
2023-04-22,8.727,7.631208333333333
2023-04-23,9.478,7.499875
2023-04-24,8.534,7.941416666666667
2023-04-25,8.331,7.758708333333333
2023-04-26,7.58,7.097625
2023-04-27,7.269,6.3777083333333335
2023-04-28,7.172,6.555541666666667
2023-04-29,9.757,8.075458333333334
2023-04-30,9.156,8.58175
2023-05-01,8.105,7.872541666666667
2023-05-02,7.097,6.8925
2023-05-03,8.352,7.181166666666667
2023-05-04,9.521,8.266333333333334
2023-05-05,10.851,9.383458333333332
2023-05-06,11.441,10.2805
2023-05-07,12.267,10.820708333333334
2023-05-08,12.138,9.4175
2023-05-09,12.803,8.355166666666667
2023-05-10,12.084,8.86725
2023-05-11,12.009,9.703916666666666
2023-05-12,9.843,9.13375
2023-05-13,13.511,10.409583333333334
2023-05-14,18.766,12.01925
2023-05-15,18.959,11.544916666666667
2023-05-16,20.954,11.576708333333332
2023-05-17,22.263,12.27975
2023-05-18,27.915,16.015166666666666
2023-05-19,13.876,11.978375
2023-05-20,13.833,10.844708333333331
2023-05-21,12.235,9.844583333333333
2023-05-22,12.588,9.262
2023-05-23,14.176,9.283833333333334
2023-05-24,10.293,9.416125
2023-05-25,11.634,10.558375
2023-05-26,9.843,8.344458333333334
2023-05-27,12.546,10.401958333333331
2023-05-28,11.966,11.1205
2023-05-29,11.13,10.872041666666666
2023-05-30,11.859,11.166583333333334
2023-05-31,13.039,11.948083333333331
2023-06-01,12.878,12.224166666666669
2023-06-02,13.876,12.860291666666669
2023-06-03,14.744,13.586375
2023-06-04,14.38,12.688125
2023-06-05,11.698,10.305333333333332
2023-06-06,14.616,10.830916666666669
2023-06-07,14.498,12.088416666666667
2023-06-08,14.122,12.698416666666668
2023-06-09,11.859,11.080166666666669
2023-06-10,13.564,10.577083333333333
2023-06-11,11.323,9.7905
2023-06-12,14.09,12.967875
2023-06-13,14.111,13.744041666666666
2023-06-14,14.691,13.913458333333333
2023-06-15,14.122,13.366958333333333
2023-06-16,12.117,11.385166666666668
2023-06-17,12.889,11.79475
2023-06-18,15.291,13.723875
2023-06-19,17.286,15.772458333333333
2023-06-20,16.417,15.8055
2023-06-21,15.495,14.817
2023-06-22,20.235,14.65225
2023-06-23,20.74,14.595875
2023-06-24,14.573,13.416083333333331
2023-06-25,12.503,12.059916666666666
2023-06-26,15.57,13.174375
2023-06-27,16.45,15.570083333333333
2023-06-28,16.214,15.963416666666667
2023-06-29,15.817,15.665666666666668
2023-06-30,15.42,15.178583333333334
2023-07-01,16.6,15.511125
2023-07-02,17.361,16.40125
2023-07-03,16.793,15.772916666666667
2023-07-04,15.634,14.287041666666669
2023-07-05,16.021,13.35225
2023-07-06,19.399,14.107375
2023-07-07,21.426,14.93175
2023-07-08,18.82,14.456958333333333
2023-07-09,14.004,12.766833333333333
2023-07-10,14.251,12.63725
2023-07-11,13.414,11.884166666666667
2023-07-12,15.441,12.06575
2023-07-13,24.107,15.482416666666667
2023-07-14,18.605,13.962625
2023-07-15,22.509,15.079833333333331
2023-07-16,14.122,13.408125
2023-07-17,20.053,14.251708333333331
2023-07-18,14.315,13.544333333333334
2023-07-19,13.951,12.989333333333333
2023-07-20,16.825,14.129708333333332
2023-07-21,16.31,14.55075
2023-07-22,17.994,15.6045
2023-07-23,16.525,15.598291666666666
2023-07-24,17.254,16.122416666666666
2023-07-25,17.619,17.153791666666667
2023-07-26,17.715,17.216375
2023-07-27,19.109,17.767791666666668
2023-07-28,20.15,18.682083333333335
2023-07-29,20.439,19.188416666666665
2023-07-30,19.26,18.89575
2023-07-31,18.659,18.326875
2023-08-01,17.951,17.405416666666667
2023-08-02,18.359,17.515458333333335
2023-08-03,19.184,17.85625
2023-08-04,20.654,18.356333333333335
2023-08-05,19.571,18.694208333333332
2023-08-06,19.957,18.759375
2023-08-07,18.316,17.923
2023-08-08,18.401,17.253583333333335
2023-08-09,17.586,17.347791666666666
2023-08-10,17.157,16.456208333333333
2023-08-11,17.232,16.654458333333334
2023-08-12,17.072,15.87525
2023-08-13,16.857,16.302083333333332
2023-08-14,16.525,15.887791666666669
2023-08-15,15.152,14.748791666666666
2023-08-16,15.323,14.66875
2023-08-17,16.042,15.395833333333334
2023-08-18,15.763,15.482041666666667
2023-08-19,16.01,15.568291666666669
2023-08-20,16.589,15.773375
2023-08-21,17.104,16.153291666666668
2023-08-22,17.297,16.47554166666667
2023-08-23,17.779,16.833416666666665
2023-08-24,17.286,16.858458333333335
2023-08-25,17.222,16.47404166666667
2023-08-26,18.262,17.038125
2023-08-27,18.498,17.46525
2023-08-28,19.978,18.19825
2023-08-29,18.069,17.285583333333335
2023-08-30,16.932,16.635375
2023-08-31,16.589,16.2445
2023-09-01,16.117,15.266208333333331
2023-09-02,15.945,15.689375
2023-09-03,15.892,15.483791666666669
2023-09-04,15.227,14.865791666666668
2023-09-05,15.688,15.023083333333334
2023-09-06,15.474,15.120458333333334
2023-09-07,15.27,14.51625
2023-09-08,14.39,14.002916666666668
2023-09-09,14.208,13.318708333333332
2023-09-10,14.594,13.93
2023-09-11,14.455,14.145416666666666
2023-09-12,14.09,13.280333333333331
2023-09-13,13.554,13.303875
2023-09-14,13.114,12.816875
2023-09-15,13.961,13.404041666666666
2023-09-16,13.715,13.067041666666666
2023-09-17,12.588,11.957416666666669
2023-09-18,12.353,12.178125
2023-09-19,12.471,12.105416666666668
2023-09-20,12.535,11.969125
2023-09-21,12.117,11.95575
2023-09-22,11.934,11.823375
2023-09-23,11.666,11.402541666666666
2023-09-24,11.269,10.885
2023-09-25,11.237,10.77325
2023-09-26,11.076,10.932291666666666
2023-09-27,11.312,11.028916666666667
2023-09-28,11.43,10.967166666666667
2023-09-29,11.301,11.098208333333334
2023-09-30,11.044,10.831333333333331
2023-10-01,10.797,10.450166666666666
2023-10-02,10.926,10.692916666666669
2023-10-03,11.044,10.826833333333331
2023-10-04,10.98,10.819375
2023-10-05,10.765,10.501541666666666
2023-10-06,11.012,10.87375
2023-10-07,11.087,10.897083333333333
2023-10-08,11.076,10.9905
2023-10-09,11.012,10.877291666666666
2023-10-10,10.754,10.637041666666669
2023-10-11,11.023,10.690166666666666
2023-10-12,10.604,10.455041666666666
2023-10-13,10.594,10.456875
2023-10-14,10.905,10.6365
2023-10-15,10.84,10.597583333333333
2023-10-16,10.443,10.237
2023-10-17,10.197,10.081041666666666
2023-10-18,10.283,10.091375
2023-10-19,10.272,10.189166666666669
2023-10-20,10.1,9.959125
2023-10-21,10.014,9.700333333333331
2023-10-22,8.963,8.05275
2023-10-23,6.904,5.8737916666666665
2023-10-24,4.899,4.349875
2023-10-25,4.352,3.905625
2023-10-26,4.148,3.8649583333333335
2023-10-27,4.126,3.598
NA,NA,NA
